Date,coef,conf_L,conf_H,MIN-MAX norm,FWD 6M RETURN,DM Equity,EM Equity,KR Equity,US_TRSY,EM_TRSY,COMDTY,GOLD,HY,CREDIT,REIT,CASH,GLOBAL_LR,DM_LR,EM_LR,KOSPI_LR,US_TRSY_LR,EM_TRSY_LR,COMDTY_LR,GOLD_LR,HY_LR,CREDIT_LR,REIT_LR,CASH_LR,Global Equity,DM Equity,EM Equity,KR Equity,US_TRSY_LR,EM_TRSY_LR,COMDTY_LR,GOLD_LR,HY_LR,CREDIT_LR,REIT_LR,CASH_LR,GLOBAL_LR,DM_LR,EM_LR,KOSPI_LR,US_TRSY_LR,EM_TRSY_LR,COMDTY_LR,GOLD_LR,HY_LR,CREDIT_LR,REIT_LR,CASH_LR,G7 CLI,MSCI AC World,CBOE VIX,AAII Sentiment Bullish
2006-01-31,1.906977528,0.418725733,3.395229322,91.59630615,2.116047402,-3.400670522,18.05799225,3.665911758,-5.651338183,-1.122567767,-26.03464836,32.98967729,-5.570448178,-7.396672351,-12.19583998,6.658604046,4.814303251,4.386091795,10.46663603,1.472952848,-0.298453722,1.19030424,4.242809147,10.31651251,2.096851485,1.115646126,7.54636118,0.341414831,,,,,,,,,,,,,,,,,,,,,,,,,101.07227,368.346465,12.95,30.77
2006-02-28,1.190321198,-1.272139942,3.652782337,83.2036635,4.83821052,1.719023465,27.09175487,18.83104068,-9.107931493,1.656963452,-64.89906568,31.937767,-3.863724827,-12.07711423,6.227658015,2.483628745,-0.107832861,-0.099339053,-0.169234587,-2.037323276,0.145439092,2.198136235,-10.65210519,-2.267267601,0.90985666,-0.373385146,2.118105606,0.348940722,,,,,,,,,,,,,,,,,,,,,,,,,101.20475,368.940295,12.34,43.21
2006-03-31,0.636689738,-1.300799106,2.574178582,76.7201779,3.896380697,5.241148421,19.05989624,3.786378676,-9.578406432,-4.363126763,-46.3030196,27.34375119,-2.263879068,-11.38280881,19.64464669,-1.184580539,2.136498034,2.229618029,0.916229191,-0.754386836,-1.084875282,-1.916136105,5.003136009,4.570215348,0.249746466,-1.061971095,4.992598558,0.355630891,,,,,,,,,,,,,,,,,,,,,,,,,101.29291,376.813781,11.39,37.21
2006-04-28,1.902209269,0.078039916,3.726378622,91.54046587,4.279091899,3.870955045,25.8614744,-3.087076222,-10.74350974,-8.40617496,-36.03074294,34.78335146,-3.594046129,-7.882393332,1.744014156,3.484148269,3.319478934,3.040354287,6.864368521,4.329185163,-0.412940323,-0.08451657,6.140961432,10.12282784,1.113314134,1.626160593,-3.856962238,0.356467175,,,,,,,,,,,,,,,,,,,,,,,,,101.33436,380.766805,11.59,42.11
2006-05-31,0.692654179,-0.71898018,2.104288538,77.37556812,11.05046468,1.850284171,6.295362984,-16.26539911,-10.26451271,-9.539789991,-7.428848877,39.70912908,-0.407501461,-2.852302173,0.212560791,-1.308982704,-3.934394571,-3.381798047,-11.05644176,-7.457716793,0.03309805,-2.070266864,-0.772609537,1.387840317,-0.273709852,1.141824102,-2.807379413,0.363994177,,,,,,,,,,,,,,,,,,,,,,,,,101.33513,361.943685,16.44,33.04
2006-06-30,0.209606223,-1.087796016,1.507008461,71.71867414,13.30153274,3.259889063,3.033374878,-23.58221298,-9.971804873,-9.581213427,-0.673705656,26.40406527,-0.561943177,-3.903244257,17.60020929,-2.023414124,0.002185309,0.015714082,-0.21052103,-1.618852021,0.318189106,-0.005754899,1.155741203,-6.239686513,-0.412162353,-0.667717445,5.533516527,0.363994182,,,,,,,,,,,,,,,,,,,,,,,,,101.32681,363.095269,13.08,38.6
2006-07-31,-0.288897798,-1.223528388,0.645732793,65.88077677,13.60316077,0.710552586,-6.681420365,-15.77390509,-6.146107644,-2.865796255,4.010132675,17.41025664,0.652511291,-2.77324738,15.20049317,-3.743469631,0.700112558,0.642026461,1.440203506,0.206502136,1.230857137,3.219371755,1.985373705,3.049995645,1.657943468,1.187243209,3.489021494,0.383232451,,,,,,,,,,,,,,,,,,,,,,,,,101.33191,364.90931,14.95,34.88
2006-08-31,0.059007687,-0.712674683,0.830690058,69.95503983,10.50325211,1.918624734,-7.796234455,-11.35370705,-4.847512619,-4.716182276,3.006960179,14.41816744,0.277971174,-0.499855294,12.79722268,-3.205454508,2.614330257,2.620001564,2.556684088,4.145354874,1.457025987,2.569180809,-7.534323799,-1.433145548,1.846482127,1.500902016,3.305227078,0.387415146,,,,,,,,,,,,,,,,,,,,,,,,,101.3697,373.530596,12.31,39.35
2006-09-29,-0.659117962,-1.452120469,0.133884545,61.54519023,11.34000237,4.019205361,0.38392321,4.748791967,-2.098375428,1.387585671,-18.51665138,2.970135329,1.871713771,0.946151495,12.36859291,-8.081072906,1.194668211,1.222497375,0.841697649,1.385903127,0.924188885,0.557873949,-11.32407117,-3.966989181,0.941052667,0.153148709,1.927015005,0.390761498,,,,,,,,,,,,,,,,,,,,,,,,,101.44577,379.691532,11.98,51.32
2006-10-31,-1.270474896,-2.88374205,0.342792257,54.38569122,12.02119164,7.799753431,2.016312469,3.709224069,-2.402231263,5.281773175,-27.59293203,-12.25229624,2.257014967,-1.797195123,36.13704846,-13.15647191,3.702190135,3.624710595,4.671638722,-0.500009205,0.506407049,1.838301817,-2.601818398,0.748133165,1.687999127,1.135185697,6.112153936,0.383232532,,,,,,,,,,,,,,,,,,,,,,,,,101.54858,391.28467,11.1,52.17
2006-11-30,-0.14695493,-2.14987676,1.8559669,67.543046,12.21364607,7.232438224,19.80371362,4.319465668,-4.126551299,4.320818864,-38.41365922,-15.58255492,0.664411368,-3.426524927,36.41777768,-11.20933505,2.836978212,2.473565536,7.169206104,4.839936916,1.039244235,1.259402761,5.380700467,6.872230349,1.982807304,2.466790705,4.659150995,0.382395889,,,,,,,,,,,,,,,,,,,,,,,,,101.66529,396.616746,10.91,41.94
2006-12-29,-0.310129799,-2.621307284,2.001047686,65.63213235,9.703766116,11.68900093,30.83443408,13.07358708,-7.249056432,5.406010484,-53.40915779,-6.914593204,3.089867559,-5.315812943,21.57781626,-12.78209601,2.253253366,2.040200849,4.665062951,1.843734668,-0.825447756,0.662824378,-7.383907176,-2.299311431,1.034089077,-1.246737756,-2.289125203,0.389924884,,,,,,,,,,,,,,,,,,,,,,,,,101.78731,407.207445,11.56,46
2007-01-31,-0.528231186,-3.074329567,2.017867196,63.07798342,7.179575293,15.54407906,29.66537416,6.825758299,-8.865956618,0.305460582,-57.02690749,-3.926136028,2.648560765,-7.674299801,35.13591276,-12.63184571,1.001740588,1.193064774,-1.164328334,-5.31291951,-0.159444726,-0.304771072,-2.316500886,2.885190381,0.608888899,-0.646869717,8.532086344,0.405821283,,,,,,,,,,,,,,,,,,,,,,,,,101.90159,413.538182,10.42,39.51
2007-02-28,-0.166900296,-1.851869007,1.518068416,67.30946915,7.439477979,8.612753142,20.51799347,2.676306206,-6.527745111,-0.776138492,-37.93562616,1.487169794,3.125649352,-4.595244417,22.28276143,-8.867879219,-0.485578402,-0.474409719,-0.627033396,4.113603441,1.644709965,1.702058679,4.207252371,2.084201099,1.515337977,2.177937746,-2.265604996,0.414188683,,,,,,,,,,,,,,,,,,,,,,,,,102.00732,408.29837,15.42,53.85
2007-03-30,0.6004129,-0.431468008,1.632293808,76.2953459,10.67340686,6.352379602,18.65793644,-4.893730265,-6.273186292,-0.50658376,-19.92484313,3.292542611,2.419230104,-3.586580211,7.445015353,-2.982180461,2.031418467,1.865053803,3.881047958,2.721674879,-0.048726348,0.969914952,3.183097941,-0.369546784,0.391020431,-0.144839577,-2.595316956,0.412515225,,,,,,,,,,,,,,,,,,,,,,,,,102.10053,414.077162,14.64,42.68
2007-04-30,0.873272839,-0.069695703,1.816241381,79.4907631,10.13733549,7.033237027,15.89978764,4.976890614,-4.998857624,-2.265625784,-18.76679664,4.824307904,2.520192252,-2.224073319,-6.541767523,-0.457294547,4.383379413,4.37245797,4.520679459,5.992897429,0.513813639,0.862434056,-0.27542109,2.278343181,1.473273063,1.3204161,-0.041184466,0.412515198,,,,,,,,,,,,,,,,,,,,,,,,,102.17159,427.686395,14.22,39.24
2007-05-31,0.747856575,-0.701558317,2.197271468,78.02203417,2.691379368,12.79658361,17.09902844,20.89100865,-4.837069154,-1.018315877,-26.35141527,-8.925781643,3.482691559,-5.892200028,-10.34570547,3.101175187,3.029432636,2.856782005,4.88694635,9.792967701,-0.901763286,-0.386037544,-1.565525935,-2.679600485,0.266820045,-1.441996662,0.067178474,0.41753588,,,,,,,,,,,,,,,,,,,,,,,,,102.20582,440.920955,13.05,37.35
2007-06-29,1.050603391,-0.309827447,2.411034229,81.56745159,1.887755058,7.687141404,15.69091853,20.02425081,-0.982125236,-4.610688748,-8.137086455,-7.642821078,0.413779735,-2.004552418,-27.2817943,6.842977758,-0.256626587,-0.731831409,4.559413618,2.550675658,-0.043500721,-1.906472432,3.170342886,-1.313397011,-1.697668349,-0.325971941,-9.858114136,0.422556923,,,,,,,,,,,,,,,,,,,,,,,,,102.19081,438.180462,16.23,39.02
2007-07-31,1.709144473,-1.10642994,4.524718886,89.27951627,-5.121478217,0.225359061,23.67952933,43.16899414,5.443828074,-4.631197784,-1.374636627,-12.27936559,-4.640022869,3.682099389,-65.92258712,12.64799999,-1.522450235,-2.22347064,5.181954178,10.32649641,1.644548784,-0.905920522,5.397703846,2.279733988,-3.035244212,1.108408116,-8.17309869,0.417535969,,,,,,,,,,,,,,,,,,,,,,,,,102.12152,427.581726,23.52,44.21
2007-08-31,1.262669753,-0.91136414,3.436703646,84.05092536,-4.569773647,3.238716802,25.31838919,34.97434087,4.576986526,-4.416631341,-11.41737794,-10.87215046,-5.892984448,0.13863135,-45.53515627,9.887235728,-0.225675716,-0.023645937,-2.102023704,-3.153743594,1.55540849,1.204366766,-4.276966312,0.971970269,0.853761861,0.54810729,5.745878224,0.425904418,,,,,,,,,,,,,,,,,,,,,,,,,102.00653,426.140444,23.38,40.3
2007-09-28,1.736548564,-0.287481592,3.760578719,89.60044101,-11.25721736,3.815528367,29.35118017,26.64859672,1.256073275,-7.43644263,-11.72079165,-0.241966176,-5.525761359,-0.825158563,-42.70720438,7.385946225,5.265347353,4.684199232,10.48960375,3.83848405,0.537810463,2.245572919,9.736077482,10.04377042,3.11460372,1.957522153,3.836446949,0.441806406,,,,,,,,,,,,,,,,,,,,,,,,,101.87396,440.540178,18,49.37
2007-10-31,2.350608165,0.314439106,4.386777223,96.79159049,-9.60947712,-1.079664869,33.65882749,16.94919259,1.97805131,-5.116755868,-3.909080417,0.915865689,-6.594476346,-0.306837185,-46.74318291,10.24806052,3.847308043,3.041394628,10.58016629,5.904533824,0.783463297,2.355853718,9.173094749,6.070378898,1.257512184,1.833729603,1.138475877,0.446828655,,,,,,,,,,,,,,,,,,,,,,,,,101.73767,452.712118,18.53,31.25
2007-11-30,1.099341397,-1.021599809,3.220282603,82.13821424,-3.518667484,-9.271020948,23.67341526,0.406490412,9.606363847,-2.415168713,13.84324924,17.75120763,-9.279821188,4.837134911,-53.89436163,4.742511183,-4.416523491,-4.066414431,-7.327680565,-8.004682954,3.022824414,-0.371158266,-3.767458653,-0.76287719,-1.914144749,0.507965839,-10.22536531,0.446828663,,,,,,,,,,,,,,,,,,,,,,,,,101.59505,431.711283,22.87,28.57
2007-12-31,1.159740289,-0.908552434,3.228033012,82.84553559,-10.98832264,-12.35205126,12.97163931,-4.779724678,7.840878937,0.448507318,15.65398704,30.25330174,-7.484029781,2.800328688,-48.31415443,2.961317115,-1.060250896,-1.268107616,0.560153258,0.911809445,0.080034539,0.621097137,5.605224883,6.216253543,0.2810406,-0.382490158,-5.465242516,0.467757228,,,,,,,,,,,,,,,,,,,,,,,,,101.45002,428.539559,22.5,30
2008-01-31,-0.156221504,-2.720861514,2.408418506,67.4345267,-5.056846303,-20.00971178,-9.944426795,-39.23990183,7.272758183,4.406547371,25.91964438,57.43234345,-4.538050332,2.326619964,-18.65933124,-4.966491376,-8.53168351,-7.923113877,-13.39395631,-15.50269105,2.506973791,0.840781392,-0.025450917,10.19664565,-1.081918318,1.491822794,-0.48004801,0.486178057,,,,,,,,,,,,,,,,,,,,,,,,,101.29762,390.265708,26.2,25.14
2008-02-29,0.80481176,-2.276015221,3.885638741,78.68902683,-7.510502201,-23.64550107,-2.519938069,-35.40724241,8.698665012,2.025653008,41.31786402,57.93000116,-6.787700257,4.410091984,-47.65387064,1.631977269,0.326028853,-0.523776071,7.052901919,5.22104325,1.133165254,-0.167591699,10.66849958,5.094121508,-0.944683333,0.808394177,-3.841836472,0.459385283,,,,,,,,,,,,,,,,,,,,,,,,,101.12578,386.276012,26.54,34.31
2008-03-31,-0.190105126,-2.744057731,2.363847479,67.03772126,-19.38922496,-26.40456185,-17.33449197,-24.73069794,12.34484455,2.764587617,39.92519729,43.5387998,-8.953075903,4.840063502,-26.54005864,0.549393542,-1.422096355,-0.90516746,-5.412871757,-0.316256733,0.691281861,-0.041333869,-1.18109201,-3.990030584,-0.120051494,0.134480539,6.435830594,0.432599642,,,,,,,,,,,,,,,,,,,,,,,,,100.92508,376.099397,25.61,41.6
2008-04-30,-0.251659423,-2.182082571,1.678763725,66.31686916,-46.93814724,-19.93507307,-20.08419684,-19.95188261,9.277112601,2.043823621,39.81763295,20.24285235,-2.66129877,3.128854436,-14.1034296,2.225604939,5.495048278,5.19780228,7.812388847,6.887269727,-1.733565372,1.006589993,7.663259683,-6.929898613,3.455754831,-0.010866177,5.981745564,0.449339888,,,,,,,,,,,,,,,,,,,,,,,,,100.67435,398.656729,20.79,46.67
2008-05-30,1.063893683,-0.788361476,2.916148842,81.72309199,-55.32951839,-14.61023787,-19.80775384,-20.93477359,0.757167333,0.943879823,43.59752544,10.90755659,1.611375561,-0.282244471,-10.11333942,7.930844438,1.674286145,1.643369038,1.904068363,1.45991478,-1.174290529,0.122709735,8.712836313,1.679276689,0.575443568,-0.796437201,0.224603949,0.44766569,,,,,,,,,,,,,,,,,,,,,,,,,100.34312,403.551401,17.83,31.36
2008-06-30,0.378397171,-2.256883427,3.01367777,73.69535676,-43.17563172,-23.18125025,-30.19808337,-29.92857623,4.851089497,-0.533939752,63.61291581,18.35273221,-1.657512461,2.734031745,-11.59939076,7.547983557,-8.529906053,-8.268369511,-10.52285032,-9.964103132,0.782541953,-1.944873316,8.82931899,4.901862348,-2.806444482,-0.387008564,-11.74203992,0.447665693,,,,,,,,,,,,,,,,,,,,,,,,,99.90194,369.019559,23.95,31.25
2008-07-31,0.564589753,-0.73933858,1.868518085,75.875827,-49.48659566,-12.16855984,-12.60268614,-10.58512168,2.129273597,1.017585521,35.09446675,-5.548401223,-0.757756851,0.320073118,-6.324498918,9.425625673,-2.600207171,-2.448245336,-3.778531233,-4.909368808,0.421819612,1.106977388,-13.05380417,-1.325597661,-1.148941923,-0.322881049,2.845899976,0.448502809,,,,,,,,,,,,,,,,,,,,,,,,,99.3375,360.472997,22.94,35.82
2008-08-29,-0.875270667,-2.334637974,0.584096641,59.01386198,-57.58798631,-5.348399698,-21.29399061,-13.25330979,2.031747299,5.231277657,24.65076279,-18.83263857,1.691079008,-4.451631098,25.97271103,3.60239198,-2.127627045,-1.35963805,-8.283589437,-7.852194803,1.241555066,0.804225894,-7.366899186,-9.716374845,-0.414018768,-2.000354046,2.241390923,0.474455354,,,,,,,,,,,,,,,,,,,,,,,,,98.64847,361.445373,20.65,30.68
2008-09-30,-1.331412132,-2.897241946,0.234417683,53.67206543,-36.30492578,-17.23908268,-32.42376662,-2.602873648,8.173847939,-0.381270984,16.31603562,13.22557039,-6.477907659,-12.31863657,25.24263706,8.485447151,-13.30081911,-12.60941697,-19.22585435,-1.762333325,0.610225864,-7.088806545,-13.28695523,5.998887143,-8.617182295,-7.843873469,-0.419512,0.483665864,,,,,,,,,,,,,,,,,,,,,,,,,97.84922,321.13184,39.39,34.04
2008-10-31,-4.208342571,-5.95183204,-2.464853103,19.9808133,-3.014800439,-25.61268364,-34.23694667,-1.750777269,18.54100385,-5.002352603,16.58959725,41.44449515,-18.81237853,-11.45032928,14.78090338,5.509468355,-22.053874,-20.99160962,-31.94911872,-26.30444893,-0.110289808,-16.12378083,-33.12671235,-19.09511096,-20.63300157,-8.610318786,-39.13213983,0.487015446,,,,,,,,,,,,,,,,,,,,,,,,,96.99459,266.421308,59.89,37.14
2008-11-28,-5.67427205,-7.963357541,-3.385186559,2.813557871,13.31171136,-32.61028559,-27.84749001,8.82938847,25.73336416,0.335491475,-1.340186881,75.36599323,-29.07660862,-9.070427303,-2.054605001,-8.264633928,-6.717085006,-6.607619038,-7.814057464,-3.378968884,5.171048959,2.448465861,-16.06535672,10.85030241,-6.975333362,2.248852846,-28.17160273,0.49957703,,,,,,,,,,,,,,,,,,,,,,,,,96.18713,250.138583,55.28,31.25
2008-12-31,-5.241359636,-7.835695254,-2.647024019,7.883322888,9.171744561,-26.47869402,-11.93055493,21.52190889,20.66654247,7.884499425,-66.0985181,61.79071042,-20.98883807,-6.007412586,37.20024922,-17.5598927,3.623980612,3.206998798,7.734931593,5.861619092,3.331501721,7.481401519,-14.29323023,6.563138599,7.40843891,6.245435451,16.29947576,0.455199571,,,,,,,,,,,,,,,,,,,,,,,,,95.52059,253.113285,40,28.95
2009-01-30,-5.500735745,-8.110277082,-2.891194407,4.845812577,26.54813155,-36.07232826,-13.10850896,40.78150311,13.46364825,7.080244894,-52.61611195,77.16804003,-8.152454921,-11.00544368,3.218797498,-20.75738601,-8.911171107,-9.134921013,-6.790763096,3.29318352,-2.959419433,0.84799589,-9.365464552,5.562423001,4.726451923,-2.539955183,-19.94450066,0.328036878,,,,,,,,,,,,,,,,,,,,,,,,,95.06022,235.899861,44.84,25.27
2009-02-27,-5.914524631,-9.084479671,-2.744569592,0,40.34210401,-47.77259135,-0.088639363,46.90494826,8.516605804,4.139904567,-42.22014594,107.9151744,-10.86414904,-11.67489892,-30.35103226,-24.50517616,-10.2290177,-10.71370285,-5.841219048,-8.911007452,-0.527382733,-1.20024459,-6.293095976,3.473499075,-2.823864875,-2.397030734,-24.65528634,0.246971158,,,,,,,,,,,,,,,,,,,,,,,,,94.84261,215.597443,46.35,24.3
2009-03-31,-4.985376611,-7.746973339,-2.223779883,10.88109736,36.87631293,-26.94990233,37.90199125,51.37557603,1.775406042,10.51797391,-39.44049681,64.9756817,-3.121426302,-6.627117937,-59.52835452,-30.87933104,7.982241414,7.340396034,13.46615657,12.75830002,2.155367116,3.670037341,4.406352255,-3.800296751,3.645350533,1.038439285,3.169486509,0.207715421,,,,,,,,,,,,,,,,,,,,,,,,,94.88695,229.58184,44.14,39.13
2009-04-30,-1.544765137,-4.085788777,0.996258503,51.173524,24.10531057,-16.27512808,42.55016769,50.2340568,-14.9313948,20.32754884,-72.51242343,33.72850605,20.45419858,-5.343103564,-29.69991515,-28.53251294,11.23625135,10.72648879,15.35697234,12.68298944,-1.841004986,5.246587266,-0.922962261,-3.695378104,10.33525155,3.295073231,28.37385435,0.202705193,,,,,,,,,,,,,,,,,,,,,,,,,95.17924,253.05345,36.5,31.82
2009-05-29,0.450427883,-1.517983972,2.418839738,74.5388964,18.57671512,-8.268705824,45.99793383,23.46514681,-24.486917,14.13469137,-51.39579864,6.893505913,35.84645116,-0.208478572,-24.48372944,-17.4940996,9.609426794,8.789158849,15.86016376,1.91910542,-1.014192907,3.715084165,17.95425911,9.934187382,8.063912154,6.397573576,2.533389617,0.201035144,,,,,,,,,,,,,,,,,,,,,,,,,95.65443,268.164342,28.92,40.37
2009-06-30,0.200667947,-1.593641728,1.994977621,71.61399948,21.19262708,-5.710422445,40.34665117,22.52176907,-25.08586561,9.731381201,-8.743652254,-4.813615685,35.90249307,-1.17119415,-50.35489948,-12.62264488,-0.515986188,-0.402729397,-1.327430214,-0.343912076,-0.212181121,1.310679041,0.567708202,-4.293853317,3.062118349,2.104180724,-3.557222072,0.201035092,,,,,,,,,,,,,,,,,,,,,,,,,96.24436,267.114499,26.35,28
2009-07-31,1.434497484,-0.202554338,3.071549307,86.06317124,8.321417082,11.64353829,44.71740064,13.28073638,-18.9432891,6.351513884,-21.11396809,-33.30223095,26.04094697,7.374140573,-28.01530953,-8.033479062,8.465215884,8.154038469,10.70089505,11.35982299,0.417573314,3.039589765,0.442971205,0.480385231,5.869279783,4.268753325,9.908436986,0.201035187,,,,,,,,,,,,,,,,,,,,,,,,,96.8849,287.362152,25.92,47.67
2009-08-31,2.624577531,0.770170688,4.478984373,100,6.0614519,24.6628993,26.46287016,11.85103774,-16.39873443,5.453566747,-43.95875323,-54.1880081,25.62155533,11.95061658,11.84845744,-3.305507539,3.564954766,4.096242657,-0.338743601,2.20843682,0.886522999,1.882695914,-2.392702093,1.741928447,2.726682372,2.233022888,13.6633578,0.201035084,,,,,,,,,,,,,,,,,,,,,,,,,97.52451,296.163021,26.01,33.98
2009-09-30,2.502629677,0.771808122,4.233451232,98.57188904,7.833430532,18.79633567,19.01623981,-1.926957815,-19.74230284,7.448010829,-48.59882751,-37.2506815,30.42260588,14.43918549,21.81255223,-4.41616024,4.516450327,3.943417953,8.707370199,4.983265483,0.775052107,4.800172858,0.172306557,4.126145838,6.018091014,2.40028644,6.765756913,0.214396168,,,,,,,,,,,,,,,,,,,,,,,,,98.1281,305.887238,25.61,39.09
2009-10-30,1.318380051,0.373911475,2.262848628,84.70333936,9.58464599,8.8329268,16.41963771,-16.43771077,-17.24063057,3.168499393,-6.937509099,-5.227993837,23.8210085,13.61400927,-9.401863778,-10.61037362,-1.53475101,-1.772286352,0.134844786,-5.68318036,-0.048761405,0.147848613,5.706542284,4.347977007,1.904005607,1.230844462,-4.64128986,0.229429487,,,,,,,,,,,,,,,,,,,,,,,,,98.66658,299.503114,30.69,33.65
2009-11-30,0.947334425,0.048314876,1.846353974,80.35808597,-4.360014809,7.209939089,5.08493396,-13.2606401,-9.665151393,2.743160559,-27.74930051,7.078872561,16.20524536,9.048766737,12.73665413,-9.432480391,4.08083134,4.061395409,4.21249654,-1.599548578,1.382703869,1.041766143,1.512955981,12.26855287,1.108326338,2.070978785,6.65626599,0.232770467,,,,,,,,,,,,,,,,,,,,,,,,,99.12812,308.26724,24.51,41.66
2009-12-31,1.586908631,0.589301953,2.584515308,87.84803273,-9.532098746,8.701267312,5.969086782,-1.957619293,-9.179730303,2.672300368,-36.93675349,-4.318678766,13.57446045,2.903462971,19.52773267,-0.955528708,2.09992577,1.813553672,4.034194915,9.073484801,-2.646856625,0.319856016,0.861625575,-7.802475786,1.98674837,-2.55633323,6.768924287,0.232770495,,,,,,,,,,,,,,,,,,,,,,,,,99.51494,319.514138,21.68,#N/A
2010-01-29,0.557133665,-0.338063267,1.452330597,75.78851001,2.719924132,-0.872834908,-0.863988306,-12.37049345,-5.460391362,4.653163456,-27.66704833,10.06730345,15.14556198,0.851588415,20.59563384,-4.078494769,-4.405994111,-4.20044004,-5.786896539,-4.891549976,1.568239472,0.367962079,-8.224692012,-0.831029713,1.089809738,0.680121482,-5.890080991,0.238617576,,,,,,,,,,,,,,,,,,,,,,,,,99.8253,307.448718,24.62,35
2010-02-26,0.533950616,-0.074292081,1.142193312,75.51701718,-2.095895221,-4.253466531,2.732505433,-15.6095262,-4.842072472,5.413750641,-9.892116771,13.9607469,11.35728974,-2.913753739,6.567923748,-2.521280754,1.304989584,1.447087866,0.338172096,-0.49080392,0.394442213,1.405830856,5.411006968,2.72110078,-0.070066764,-0.48118492,5.523897164,0.240288255,,,,,,,,,,,,,,,,,,,,,,,,,100.0522,312.079807,19.5,34.89
2010-03-31,0.746997882,0.259855237,1.234140526,78.01197815,0.79194191,0.735264596,-0.496071159,-13.92193247,-4.40160611,2.971891255,-7.769999706,7.567593512,7.798434585,-4.258260905,9.582740182,2.191946223,6.288428959,6.071074309,7.779171276,6.10081795,-0.85063575,2.306177507,1.916460403,0.652054025,3.373131542,0.237130935,9.727722678,0.240288242,,,,,,,,,,,,,,,,,,,,,,,,,100.20793,331.544877,17.59,32.39
2010-04-30,1.130883691,0.408945862,1.852821519,82.50760078,4.161588183,0.067775142,-6.667311872,-3.531569337,-1.370743116,2.854154289,-21.93516488,4.985668853,5.235588408,-6.006565993,21.63126482,4.736903688,0.216464448,0.064410123,1.21457316,2.837592537,1.042497173,0.758417934,2.73719089,5.557590829,2.01126843,0.618608239,6.829850354,0.231935195,,,,,,,,,,,,,,,,,,,,,,,,,100.2885,331.693031,22.05,41.36
2010-05-31,0.268029053,-0.708405815,1.244463921,72.40285416,11.82450419,-12.33727945,-8.67215074,9.024716513,3.375676351,6.59257288,-28.53750254,2.337231166,5.440667984,-9.81012167,27.63909423,4.947095274,-9.863829459,-9.964599592,-9.142886643,-5.932045112,1.696018628,-1.591075975,-14.14566046,2.367346336,-4.871105475,-3.397243911,-5.535998902,0.204375223,,,,,,,,,,,,,,,,,,,,,,,,,100.30479,305.942806,32.07,29.83
2010-06-30,-0.381490106,-1.348048385,0.585068174,64.79644371,22.01336167,-20.69875342,-9.38717353,3.905645831,5.339447543,6.561621217,-20.46397576,26.44736213,3.512487848,-6.045242275,15.87508266,-5.046502242,-3.072158167,-3.431695618,-0.70048692,3.560320492,1.839877555,1.986446181,0.418160705,2.977988777,1.425549728,1.646950766,-5.512234717,0.204375212,,,,,,,,,,,,,,,,,,,,,,,,,100.29444,294.672193,34.54,34.46
2010-07-30,0.564412551,-0.041581497,1.170406599,75.87375183,15.73683233,-10.15600214,-4.724778807,2.094725911,3.569962335,8.511658883,-16.28686578,1.613657629,1.642148614,-2.981274744,17.58762602,-0.870857915,7.846028767,7.818019088,8.044086619,3.531618274,0.679702727,4.034267698,5.475723337,-6.218331183,4.710802055,3.987376821,9.428594339,0.205210289,,,,,,,,,,,,,,,,,,,,,,,,,100.30104,311.399575,23.5,40
2010-08-31,0.064851305,-0.846334384,0.976036994,70.02347347,22.15673183,-16.66113315,-0.41310608,7.699596653,3.457333935,9.881685308,-29.4416723,13.11901301,3.8564938,-0.930325634,15.86499156,-6.4328771,-3.510829769,-3.752115442,-1.943619945,-0.946639507,1.988050067,2.300017387,-5.6820961,6.378973788,0.259747423,1.232337521,-1.346589968,0.219407012,,,,,,,,,,,,,,,,,,,,,,,,,100.3545,301.132668,26.05,20.74
2010-09-30,0.039043192,-0.678188071,0.756274454,69.72123896,12.93051222,-13.60869699,2.676029729,7.35038604,2.123115486,5.662133686,-19.45752756,18.69144771,2.159502874,1.28471178,2.784267042,-9.665369793,9.176266091,8.95825373,10.5512413,7.206819264,0.021129476,1.662318897,8.146424817,4.779601428,3.941052242,2.835904223,4.33375803,0.221912511,,,,,,,,,,,,,,,,,,,,,,,,,100.45939,321.758468,23.7,44.97
2010-10-29,-0.012924241,-0.634126024,0.608277542,69.11265702,13.39058243,-6.036086107,6.791188597,3.286770735,-0.748146341,7.387995496,-19.09545122,13.87477487,3.804475645,1.821715052,-0.703603056,-10.38363367,3.58611072,3.698256488,2.870594105,0.540275298,-0.158050985,1.705306051,2.525930259,2.995984794,2.813249622,1.02129267,4.522589977,0.221912531,,,,,,,,,,,,,,,,,,,,,,,,,100.60333,330.428816,21.2,51.23
2010-11-30,0.640689617,0.243695615,1.03768362,76.76701981,13.5050058,1.400399126,5.404042522,6.736858744,-4.044476069,1.727790624,-2.750484748,6.305403275,2.904067584,0.432009827,-12.13569243,-5.979918454,-2.200913452,-2.125252186,-2.668961665,1.145124193,-0.701284132,-3.235981967,1.0769061,2.692223767,-2.828180982,-3.527499176,-1.96655818,0.221912516,,,,,,,,,,,,,,,,,,,,,,,,,100.77285,328.433602,23.54,47.4
2010-12-31,1.424721366,0.934944483,1.914498249,85.94868475,4.847088203,14.54047181,5.876456684,5.94907519,-7.474359265,-3.520018258,-0.698128752,-4.099451566,0.223291031,-0.363659541,-11.97937031,1.545692982,7.116699318,7.126310067,7.045354641,8.507338219,-1.815441174,-0.332302357,8.985114221,1.577659112,1.967051406,0.811891715,4.628925184,0.233605769,,,,,,,,,,,,,,,,,,,,,,,,,100.933,346.125852,17.75,51.61
2011-01-31,1.101376863,0.603672428,1.599081298,82.16205125,1.668385508,11.0450059,-4.991506024,9.420290343,-6.180481761,-8.114398452,4.87275977,4.442399467,0.799224497,-3.024526415,-11.11061039,2.841843059,1.56949942,2.256565459,-2.793634727,0.909291337,-0.024958087,-0.544761864,3.006891407,-5.747235601,2.061802106,0.673092623,3.490050276,0.233605776,,,,,,,,,,,,,,,,,,,,,,,,,101.04593,350.632612,19.53,42.04
2011-02-28,1.492745149,0.717555464,2.267934833,86.74529991,-8.772042222,21.99921835,-10.03610461,-6.881095421,-7.911889144,-11.97676253,17.0619191,0.574260697,1.506710663,-2.296838018,-9.101687961,7.062268874,2.909069736,3.493339277,-0.984263736,-6.508977537,-0.074368617,0.293849542,3.676927298,6.137791752,1.339937465,1.162126377,4.466146077,0.254489952,,,,,,,,,,,,,,,,,,,,,,,,,101.07929,358.310339,18.35,36.63
2011-03-31,1.185936821,0.564017337,1.807856306,83.1523188,-18.58715583,8.676401016,-10.61043093,2.883603228,-6.179564243,-9.083594596,18.43273912,1.344289476,0.212419311,-3.868373971,-9.42136083,7.613872416,-0.049953526,-0.93567003,5.726625132,8.423838684,-0.060838817,1.261569852,4.259824429,1.964975503,0.862653886,0.510982734,-1.475167065,0.264515875,,,,,,,,,,,,,,,,,,,,,,,,,101.01447,355.460971,17.74,37.74
2011-04-29,1.248429798,0.56159317,1.935266425,83.88416362,-12.44019595,7.001254846,-13.22369326,6.909521011,-5.244767428,-11.77483976,18.93880438,6.059100449,-3.058428346,-1.338430481,-10.59675847,6.328237069,4.046180938,4.197849933,3.087776762,3.985796427,1.146969464,1.382289492,4.316987344,6.490763299,2.338462517,3.298161927,5.760052506,0.28289941,,,,,,,,,,,,,,,,,,,,,,,,,100.85898,361.998205,14.75,37.9
2011-05-31,1.003001562,0.665599885,1.34040324,81.00999452,-13.32719022,7.300717912,-10.52229211,1.263924355,-4.454571396,-4.591658962,4.456930033,0.638580467,1.307721428,2.664455315,0.261409665,1.674783296,-2.086490088,-2.001960189,-2.640298786,-2.301800409,1.54949306,1.455521816,-7.137856937,0.065104169,-0.015101055,-0.171738279,1.541053251,0.28540651,,,,,,,,,,,,,,,,,,,,,,,,,100.62974,355.860833,15.45,25.61
2011-06-30,0.181421451,-0.175745616,0.538588519,71.38860699,-11.93485497,1.679019526,-8.95141971,-4.551385961,-2.118967156,2.379381592,-5.501022415,4.667525863,3.546322471,2.6420997,8.693953767,-2.485507678,-1.541218277,-1.54974891,-1.488342783,-1.820829717,-0.338547854,1.114773445,-5.452116044,-2.038203365,-0.662387229,-0.533447885,-3.409917279,0.288749464,,,,,,,,,,,,,,,,,,,,,,,,,100.34731,349.465381,16.52,37.46
2011-07-29,0.102169216,-0.642555897,0.84689433,70.46049729,-4.656641425,-8.989149629,-6.023508548,-5.54707018,-2.199978924,4.038639922,-8.551204643,29.22807871,-1.64237622,2.136144837,4.001406323,-6.450981649,-1.609203275,-1.801934483,-0.388036714,1.536501633,1.806039255,1.92724486,2.4071759,7.853427679,0.946485414,2.133986419,1.803603194,0.297942968,,,,,,,,,,,,,,,,,,,,,,,,,100.04312,340.41643,25.25,37.84
2011-08-31,-0.542933891,-1.736926125,0.651058343,62.90580249,7.836587706,-21.67402434,-8.438951612,-6.311463008,2.44471843,7.092368362,-5.373947041,46.8833284,-6.821484255,0.027834898,2.456471361,-10.2848512,-7.531357994,-7.248220716,-9.328638,-12.62962068,2.739643858,0.530694174,-1.863082475,10.7599334,-3.946535328,-0.662230463,-5.635410943,0.299614572,,,,,,,,,,,,,,,,,,,,,,,,,99.75833,316.375761,31.62,36.44
2011-09-30,-1.621783747,-2.840981775,-0.402585718,50.27157192,18.41726407,-17.25979949,-20.83779964,-10.54702051,9.545716518,5.783620793,-10.7025527,40.75580391,-4.346490632,0.694349882,18.58858561,-11.67441373,-9.865067135,-8.974950132,-15.74340974,-6.052834218,1.73145347,-4.291335968,-12.97522644,-11.28325305,-5.158597236,-3.113989258,-11.87667207,0.299614622,,,,,,,,,,,,,,,,,,,,,,,,,99.5492,295.97525,42.96,32.51
2011-10-31,-1.088617126,-2.108554142,-0.068680109,56.51539722,7.112504045,-13.57947201,-14.70014745,-13.40285106,5.831449117,9.099904614,-12.85475281,32.11561492,-0.937734807,-1.273402051,18.71620029,-9.014808749,10.19314082,9.867986349,12.39403055,7.58171788,-0.818753729,4.410266319,9.300219838,6.106025676,6.522995707,3.252216821,13.70935461,0.298778842,,,,,,,,,,,,,,,,,,,,,,,,,99.44761,321.20541,29.96,43
2011-11-30,-1.091676874,-2.138023919,-0.045329829,56.47956502,0.792095954,-12.48745923,-21.11853807,-13.44015282,6.075179479,6.905022684,6.055605802,36.51530889,-5.262657746,-5.63442354,9.536068031,-7.143953482,-2.973484358,-2.407913477,-6.831758323,-3.275397161,0.743464348,-0.587148509,1.406527006,1.384105141,-3.168742396,-3.350185337,-4.012753181,0.29794296,,,,,,,,,,,,,,,,,,,,,,,,,99.44334,315.307283,27.8,32.71
2011-12-30,-0.862821507,-1.742474991,0.016831978,59.15965202,5.811626056,-11.82646965,-24.74908931,-13.14675222,9.907938837,6.954303391,8.358157039,12.94518754,-1.132371556,-2.22145708,19.71800104,-4.807448026,-0.148883021,-0.017211989,-1.046767918,-0.045770856,0.961524391,1.172633382,-2.128537078,-13.14063407,1.953778036,1.031469924,4.594097644,0.296271344,,,,,,,,,,,,,,,,,,,,,,,,,99.50184,316.567727,23.4,40.6
2012-01-31,-0.423928132,-1.059572743,0.211716479,64.29945906,1.533640958,-5.705753897,-13.76797734,-11.50291329,6.752898088,3.64321025,-2.842643661,16.04395818,-0.642095215,-3.234984733,14.4315624,-3.175260795,5.669010265,4.92425302,10.70153411,6.881140599,0.421989396,1.746563161,2.206656604,13.02602088,3.655907048,2.72846049,6.23252107,0.296271337,,,,,,,,,,,,,,,,,,,,,,,,,99.57574,331.236462,19.44,48.3974
2012-02-29,0.241041484,-0.176156813,0.65823978,72.08680723,-1.216995311,6.775100869,-1.432563087,7.106358209,-1.131952237,3.517636888,-4.128669951,-14.69821122,5.968576173,-2.632008745,1.759637964,-1.103904861,4.961871137,4.835669279,5.766374325,3.736675867,-0.71487767,2.908805349,5.886223885,1.47982211,3.337966442,1.535077087,-1.121004558,0.295435561,,,,,,,,,,,,,,,,,,,,,,,,,99.62166,346.127934,18.43,43.689
2012-03-30,1.16283673,0.568998819,1.756674641,82.88179749,1.213033701,12.27981562,-0.38781537,-0.541738197,-6.877967536,6.634879398,-5.073996233,-20.72311162,6.512453736,-1.447660073,6.712610765,2.912529514,0.715609232,1.337489631,-3.382281727,-0.66506779,-1.00839182,0.094228511,-2.378403753,-6.265705304,0.073910206,-0.465422014,5.103825797,0.295435574,,,,,,,,,,,,,,,,,,,,,,,,,99.61632,349.882145,15.5,42.47
2012-04-30,0.338126978,-0.202850988,0.879104944,73.22375925,1.682032933,5.13076721,-5.098084472,-1.165634113,-0.900763372,7.578331036,-3.661340105,-18.76066828,5.190848013,-1.229652921,12.37999721,0.536199798,-1.11161921,-1.100455761,-1.174461833,-1.603770716,1.44395002,1.74062414,-0.513631722,-0.678991669,0.809427177,0.906831229,2.963222602,0.296271333,,,,,,,,,,,,,,,,,,,,,,,,,99.55298,344.105024,17.15,27.6423
2012-05-31,-0.147989089,-1.077772813,0.781794636,67.53093514,12.30281913,0.300001042,-2.350625552,0.765329619,1.373105146,6.351772112,-22.28556466,-24.4661509,10.558795,4.528385053,26.59791306,-1.372959922,-9.293892449,-8.922586734,-11.82823784,-7.244989895,1.69974378,-2.810948773,-13.90179663,-5.812962941,-3.216546331,-1.664364213,-4.669205174,0.295435522,,,,,,,,,,,,,,,,,,,,,,,,,99.44675,319.539087,24.06,30.4688
2012-06-29,0.125368789,-0.559675828,0.810413406,70.73218361,9.737132519,3.764952896,-1.740641572,-5.33360614,-3.367400721,7.267264772,-24.41997302,0.115083534,7.109533032,1.286771314,17.54018007,-2.222164167,4.870647081,5.018701674,3.837271389,0.626485104,-0.348351998,3.506025114,1.194216319,2.566274207,2.733621092,1.042006864,5.385056409,0.295435586,,,,,,,,,,,,,,,,,,,,,,,,,99.32605,331.730807,17.08,28.6689
2012-07-31,-0.233750725,-0.959661507,0.492160056,66.52659493,12.86914264,2.911943177,-9.451340735,-8.740900455,-1.741866263,14.25311059,-7.255051101,-16.36496476,7.605537523,1.791402565,20.42051975,-3.428390293,1.391025167,1.304668999,1.999636638,1.498340199,1.001451455,3.925290912,6.179728946,1.459426618,1.782494288,1.99375093,1.883621721,0.29543557,,,,,,,,,,,,,,,,,,,,,,,,,99.22488,335.988572,18.93,28.115
2012-08-31,-0.33245416,-1.157977662,0.493069343,65.37069549,10.6884824,0.905400838,-18.16565862,-11.00774493,0.322438498,12.23522135,-3.353116052,-13.48671836,7.062422029,2.495376218,26.0413235,-3.048944473,2.211234868,2.56500208,-0.303495771,1.221760322,-0.128735207,1.153306732,6.169658294,1.620582784,2.098548426,1.230114175,-0.268743928,0.267022541,,,,,,,,,,,,,,,,,,,,,,,,,99.16132,340.992166,17.47,34.7222
2012-09-28,-0.272126745,-0.711716518,0.167463028,66.07717977,9.416539714,-1.805136193,-5.794436731,-6.010565144,-2.805340556,10.06551211,-7.568662871,8.321235818,6.005934439,1.510966382,5.450006822,-7.369514078,3.145638244,2.75822768,5.879818388,4.671122611,-0.306351471,1.462005288,-1.431734601,7.449786104,2.133941507,1.439644085,-1.991387006,0.263680302,,,,,,,,,,,,,,,,,,,,,,,,,99.14654,348.473664,15.73,36.1011
2012-10-31,-0.422142053,-0.900749605,0.056465498,64.32037554,12.91268215,2.035979902,-0.50551139,-8.095314666,-5.538240671,9.597006386,-10.85315804,6.203775358,8.930741495,3.087062193,2.794089763,-7.656430325,-0.642619978,-0.649234065,-0.598958673,-4.306412543,-0.169524404,0.813081079,-4.150550492,-3.262091817,1.240346245,1.13741808,-0.918289977,0.257831853,,,,,,,,,,,,,,,,,,,,,,,,,99.17332,346.637361,18.6,29.2453
2012-11-30,0.278766508,-0.286560487,0.844093503,72.5285987,11.39367729,8.326483149,5.442639771,-7.410221643,-10.61848151,11.33865956,0.423803404,3.942372144,7.742660232,1.159486292,-13.09456417,-7.252837226,1.326893751,1.337631852,1.265006063,1.084354545,0.518806027,1.540540742,1.465707597,0.406386626,1.230796209,0.214835174,-0.497206807,0.237782247,,,,,,,,,,,,,,,,,,,,,,,,,99.23539,351.123123,15.87,40.9266
2012-12-31,0.245502354,-0.288406131,0.779410839,72.13904774,6.166189648,4.486950071,10.22622614,2.309643735,-8.976810249,8.201242878,-0.614447382,-6.901689361,8.487900903,2.086323978,-13.60827284,-5.697067878,2.304960467,1.916465984,4.913843111,4.271745587,-0.435945342,0.92526127,-0.650365701,-4.049614958,2.021469751,0.522584571,3.701479252,0.237782248,,,,,,,,,,,,,,,,,,,,,,,,,99.33094,358.300262,18.02,44.403
2013-01-31,0.368462517,-0.185532265,0.9224573,73.57901369,6.36156108,13.639937,9.74683725,-2.437067728,-8.856999534,0.437983215,-3.680990594,-7.194410099,10.27271858,0.329053414,-10.73821334,-1.518848163,4.523035284,4.997903644,1.325330157,-1.773307706,-0.810713385,-1.432620558,4.264483612,0.436451893,1.458801016,-0.482051472,3.337715575,0.241123602,,,,,,,,,,,,,,,,,,,,,,,,,99.45327,375.351088,14.28,52.3392
2013-02-28,0.205364767,-0.524239588,0.934969122,71.66900316,4.276243392,13.44915651,13.58757647,6.347760772,-5.717798735,0.68796353,-19.17106477,-15.25349163,8.893497265,-0.624721353,-1.711109533,-0.487768529,0.030574636,0.224298566,-1.309505421,3.237408377,0.526957826,-0.141978969,-4.48358212,-4.688478728,-0.368804902,-0.5136041,0.831492579,0.236946894,,,,,,,,,,,,,,,,,,,,,,,,,99.59071,379.052091,15.51,41.7857
2013-03-29,0.202173762,-0.569427036,0.973774559,71.63163383,7.487520764,16.12953875,1.884738043,-1.454305499,-1.522442727,-0.344063279,-11.31236562,-25.46664864,8.614064436,-0.390442136,11.03319016,2.828736509,1.873695554,2.38083837,-1.713162794,-0.95092104,0.09807159,-0.755567916,0.767805124,0.611910594,0.283702229,-0.143112567,2.629945095,0.235276381,,,,,,,,,,,,,,,,,,,,,,,,,99.72569,386.485052,12.7,#N/A
2013-04-30,0.369596178,-0.78120378,1.520396136,73.5922898,8.60144658,20.55096847,0.217484727,-0.333527913,0.173773131,2.113005841,-17.01642354,-39.11293556,8.860135861,0.831400731,20.62114721,3.094971048,2.85352246,3.140144217,0.781887695,-2.062553283,0.885076965,2.794790903,-4.847186011,-8.432738347,2.46799063,2.344872467,6.653364943,0.234441048,,,,,,,,,,,,,,,,,,,,,,,,,99.86832,394.999054,13.52,28.2895
2013-05-31,0.211620188,-1.048737001,1.471977377,71.74225935,10.24715098,24.27147265,-0.061749253,7.59719917,-0.762704261,-4.216792281,-15.61589353,-44.12649389,9.588701929,-0.236120603,17.61772936,5.94465071,-0.192111112,0.125797222,-2.557104902,1.871688163,-1.722256706,-3.885053746,-1.499452633,-5.204596911,-1.021320586,-2.444241218,-6.178327136,0.234441036,,,,,,,,,,,,,,,,,,,,,,,,,100.02473,399.040992,16.3,35.9684
2013-06-28,-0.247787336,-1.767673765,1.272099093,66.36221453,14.93216718,27.4071501,-7.473940523,-2.566549965,2.357929378,-8.881737292,1.093557633,-54.80599088,9.080436307,0.382445688,25.1018875,8.304812052,-2.922527174,-2.451696005,-6.523089869,-7.072996667,-1.106636529,-5.162558897,0.23381695,-15.69033594,-2.900983075,-2.445885195,-1.77340973,0.224418101,,,,,,,,,,,,,,,,,,,,,,,,,100.17873,387.437892,16.86,30.2752
2013-07-31,-0.293633336,-1.449011,0.861744329,65.82531968,6.154642332,24.70367169,-10.70432644,3.312410852,-0.044764936,-7.624836615,-0.727231878,-38.98038966,7.412762173,0.868515017,17.53205925,4.252130542,4.718406716,5.172835608,1.075121937,2.685592211,-0.108913059,0.945549602,4.796191463,9.782379654,2.288027106,1.558738022,0.766567978,0.224418132,,,,,,,,,,,,,,,,,,,,,,,,,100.32178,403.954858,13.45,45.1178
2013-08-30,-0.281491296,-1.090568119,0.527585527,65.96751308,12.97476035,19.83662286,-11.86449215,-2.207711319,-2.102792259,-12.85747028,14.55834495,-18.10762401,6.687708524,0.508798303,1.30522386,4.243391521,-2.054743051,-2.099434295,-1.696826055,0.642455872,-0.487102214,-2.716925888,3.32046315,5.925882256,-0.653180246,-0.643744825,-7.106086552,0.221912485,,,,,,,,,,,,,,,,,,,,,,,,,100.45297,395.668298,17.01,33.54
2013-09-30,-0.303469286,-1.225321058,0.618382485,65.7101325,8.400536924,22.48305703,1.771620562,4.694877273,-3.482254523,-8.658702262,3.8593425,-31.53475553,7.114161637,1.794883765,0.425578153,1.532191393,5.084972926,4.931984642,6.33009451,3.599966468,0.696901497,2.634988301,-3.450401602,-5.017129315,1.763211622,1.857019219,3.142457105,0.221912531,,,,,,,,,,,,,,,,,,,,,,,,,100.56557,409.889644,16.6,36.05
2013-10-31,-0.183262702,-1.083526919,0.717001514,67.11785174,5.421487551,20.78361016,5.413206905,8.524575647,-5.142403689,-11.15032297,6.379231768,-18.42422022,4.358151564,-1.641564041,-10.30318689,1.202921761,3.967448275,3.867854957,4.764212388,1.646063383,0.481268003,2.634673985,-1.453142287,-0.188643708,2.460561481,1.378223212,3.990733633,0.221912569,,,,,,,,,,,,,,,,,,,,,,,,,100.65372,425.793946,13.75,49.2
2013-11-29,-0.241636768,-1.236571961,0.753298425,66.4342428,6.149149614,22.69386447,6.418853387,4.853634521,-4.60455243,-9.897636603,6.388820197,-20.27371705,5.195894652,1.024683759,-10.57317829,-1.226666625,1.453593293,1.813361191,-1.472925783,0.725807654,-0.327661555,-2.305723681,-0.784152859,-5.51167816,0.360932522,-0.123994742,-5.642607479,0.22107736,,,,,,,,,,,,,,,,,,,,,,,,,100.72084,433.256418,13.7,47.3
2013-12-31,0.134710393,-0.824407654,1.09382844,70.84158158,6.292825979,22.6631301,5.76531921,8.325616076,-8.523101391,-4.141591816,-0.627410242,-7.385853637,6.296339363,0.455353945,-18.81544976,-4.01235185,1.762489019,2.133290713,-1.292301273,-0.60591003,-0.911251608,0.581434134,1.910673117,-3.947613284,0.930891911,0.004368625,0.556638863,0.221077303,,,,,,,,,,,,,,,,,,,,,,,,,100.75842,440.376978,13.72,55.06
2014-01-31,-0.274788829,-0.839909716,0.290332059,66.04600455,9.168038121,12.65311256,0.062674381,4.08960047,-3.090425815,-4.027682148,-4.697013837,-9.934847997,6.273515944,2.845199519,-1.117908359,-3.056224716,-4.059118131,-3.740282184,-6.775234904,-3.551597141,1.347567945,-1.024566322,-1.651411761,3.787868841,-0.211033,0.881170265,3.979017791,0.221912551,,,,,,,,,,,,,,,,,,,,,,,,,100.77006,425.225711,18.41,32.1839
2014-02-28,0.058092352,-0.975066981,1.091251685,69.94432049,6.637148015,18.72894162,-0.004202291,-1.665328244,-5.354277854,2.7304989,-11.38882707,-19.49709237,6.928976421,2.587904068,12.53118337,-5.597776555,4.765374968,4.943049597,3.206715189,1.98143486,0.271856643,3.192467968,4.410309957,5.860066311,2.566661515,1.617174775,4.992797565,0.221077357,,,,,,,,,,,,,,,,,,,,,,,,,100.7715,441.454474,14,39.6907
2014-03-31,0.057983299,-0.664983951,0.78095055,69.9430434,2.878125227,11.66420441,-4.207480742,-5.890988246,-4.966454555,2.32120251,-1.853976957,-12.41914587,6.897359352,1.364674363,10.34184043,-3.251234693,0.510749499,0.218616871,3.033238527,0.2883279,-0.286107782,1.252988135,0.139672094,-2.654600641,0.571576454,0.07112906,0.872598295,0.221077339,,,,,,,,,,,,,,,,,,,,,,,,,100.7682,442.0516,13.88,31.16
2014-04-30,-0.130403424,-0.929956005,0.669149156,67.73687792,2.619498006,8.534604499,-9.497447536,-8.982251658,-4.526378862,1.156457641,5.705003081,-9.016409748,5.28395299,2.144329337,12.817324,-3.619183744,0.988398902,1.061744495,0.373793484,-1.206367255,0.550385016,1.54712719,0.738885559,-0.251913707,0.994289511,1.333525087,3.615226115,0.221077369,,,,,,,,,,,,,,,,,,,,,,,,,100.75051,443.953544,13.41,34.5
2014-05-30,0.157246788,-0.908713082,1.223206658,71.10550154,2.150815656,3.549984173,-6.45370871,-12.734093,-4.181539901,8.803288069,0.606918227,-11.04237162,2.656883827,0.975789642,22.61874155,-4.799892255,2.181255356,2.030539264,3.450683458,1.676953268,0.937425534,3.144744356,-0.175599162,-2.993527977,0.841423771,0.780073677,2.433479343,0.221077327,,,,,,,,,,,,,,,,,,,,,,,,,100.7161,452.748491,11.4,36.46
2014-06-30,0.566093697,-0.315024338,1.447211732,75.89343944,-1.650036386,-1.080422015,-4.367402407,-15.10393432,-2.108876847,7.843892618,-4.056980557,0.583681432,1.697616914,1.518961691,17.91691734,-2.843453851,1.906165384,1.812286393,2.663216344,0.408347327,-0.142454998,0.593021674,2.094982925,5.029319429,1.119570376,0.515582939,0.858485174,0.22107733,,,,,,,,,,,,,,,,,,,,,,,,,100.67167,458.726681,11.57,37.2208
2014-07-31,0.638047254,-0.284639035,1.560733542,76.73607554,-2.014386516,2.849498653,12.56294906,-0.96362343,-4.927141236,10.10622714,-12.53398832,-12.5959614,-0.519602961,-1.377184145,9.786555749,-2.387729103,-1.183905989,-1.574171707,1.977009922,3.625272062,-0.163054591,0.116725286,-5.442669384,-2.288341368,-1.327405092,-0.647399566,0.207425151,0.221077373,,,,,,,,,,,,,,,,,,,,,,,,,100.62158,456.46794,16.95,29.6296
2014-08-29,0.180012827,-0.997997125,1.358022779,71.37211082,1.213461133,3.148188174,18.3291114,0.328468895,-2.592892363,7.490380349,-17.55840512,-15.75065173,-1.706574357,-1.114704862,12.62973386,-3.202654246,2.234484862,2.230765254,2.260725776,-0.365488948,1.049366101,0.658399117,-1.653128402,0.038895372,0.578768523,0.83178106,2.748056261,0.221077338,,,,,,,,,,,,,,,,,,,,,,,,,100.57365,467.279812,11.98,51.9231
2014-09-30,-0.456396632,-1.380904031,0.468110766,63.91922588,2.97500554,6.696767914,9.02383504,4.749571891,-0.556143299,4.922439949,-18.83581936,-8.209417235,-2.783707078,-1.936588907,9.83793149,-2.908870408,-3.248273289,-2.699811364,-7.678353057,-2.369572272,-0.548915718,-2.438590894,-6.212894783,-5.536432243,-2.580481688,-2.341223049,-6.001115287,0.200200161,,,,,,,,,,,,,,,,,,,,,,,,,100.53404,460.146651,16.31,41.8367
2014-10-31,-0.620546801,-2.187323372,0.94622977,61.99689066,5.139745246,7.519128482,12.97785606,3.173408636,0.15638438,5.546621498,-30.46863648,-13.82769122,-3.020976278,-3.573195815,25.18203255,-3.664931821,0.729771682,0.674638245,1.183951162,-2.793481143,0.969522692,1.634263869,-6.170236447,-4.390078036,0.607420611,0.397969656,10.18900345,0.196025223,,,,,,,,,,,,,,,,,,,,,,,,,100.5015,465.154469,14.03,49.3711
2014-11-28,-0.87313544,-2.903267998,1.156997118,59.03886727,3.365794648,11.53442859,9.023322926,5.589529523,1.211007664,0.72555112,-47.7355524,0.29051464,-3.767154129,-2.679242334,29.0947614,-3.287167001,1.712573007,2.04474698,-1.064110572,0.829253494,0.803190369,-0.387742001,-11.5639963,1.576513265,-0.736063863,0.290392191,2.085676436,0.178492391,,,,,,,,,,,,,,,,,,,,,,,,,100.47847,476.98658,13.33,52.1452
2014-12-31,-1.759226344,-4.580143178,1.061690489,48.6620046,2.928070942,14.45380552,8.013871561,9.815910249,1.547524463,-2.616021832,-66.04561301,8.16692004,-6.743796199,-3.013593387,42.65985702,-6.238864427,-1.894686658,-1.57673466,-4.620810587,-2.051382104,0.142327168,-2.907938279,-14.65340695,1.946686278,-2.414229328,-0.629475892,1.781450392,0.177657627,,,,,,,,,,,,,,,,,,,,,,,,,100.4587,471.882821,19.2,50.9434
2015-01-30,-1.696838027,-4.955157356,1.561481302,49.39262377,5.375957016,11.60766114,2.461518761,3.566819831,5.663669446,-3.901136797,-73.29702805,19.1894145,-7.713870008,-2.550947023,52.58335057,-7.609452371,-1.548256119,-1.79778667,0.590435537,1.742772645,2.553728592,0.343523865,-7.792346958,4.400101568,-0.953216884,0.404063154,6.476178733,0.177657665,,,,,,,,,,,,,,,,,,,,,,,,,100.4388,469.951216,20.97,44.1718
2015-02-27,-1.520743734,-4.099112003,1.057624535,51.45483464,-7.137057832,17.87253424,2.283086236,7.035030844,1.471022868,-2.565959796,-59.31988261,9.727400269,-3.830601815,-4.8548815,38.42621051,-6.243959247,5.46233251,5.74761703,3.026151233,1.857499436,-1.556498774,1.237702462,6.264839267,-3.738942134,2.455632304,-0.555796675,-3.647865291,0.176822816,,,,,,,,,,,,,,,,,,,,,,,,,100.41279,495.557094,13.34,45.3731
2015-03-31,-1.260701076,-4.260429979,1.739027827,54.50015081,-9.283179667,14.0540261,7.312200272,11.06889768,0.54008162,-1.045798755,-68.13847355,8.912528591,-4.848480628,-5.996975865,46.78272669,-8.640732161,-1.486728881,-1.497386188,-1.416709424,2.746910077,0.628868148,0.457999096,-7.04808168,-2.249157701,-0.858816907,-1.034767651,1.776825797,0.175153168,,,,,,,,,,,,,,,,,,,,,,,,,100.38231,492.54162,15.29,38.4298
2015-04-30,-0.632928207,-2.434782319,1.168925904,61.85189407,-4.594713087,12.01425116,12.07273226,19.78798193,-1.176392492,-1.479793132,-43.30854507,7.587519744,-2.599940047,-5.41780519,7.843958496,-5.323967653,2.894511387,2.351817412,7.432607934,4.134190715,-0.527532955,1.952074404,10.48805077,-0.570283518,2.456186691,0.747199357,-5.968318976,0.154285565,,,,,,,,,,,,,,,,,,,,,,,,,100.3474,499.168468,14.55,31.47
2015-05-29,-0.393190522,-1.581291371,0.794910328,64.65942209,-5.307925907,8.127336241,4.596156498,16.63066215,-0.90440806,-0.446930043,-26.31217513,4.730325072,-0.178671796,-6.615502354,2.682507832,-2.309300407,-0.061377591,0.420994531,-4.066681277,-0.582994071,-0.180222511,-0.5380266,-2.007006258,0.940280577,-0.052351739,-1.129356128,-0.038149359,0.150112611,,,,,,,,,,,,,,,,,,,,,,,,,100.30103,502.042576,13.84,27
2015-06-30,-0.081255442,-0.90642833,0.743917446,68.31244174,-4.746462931,4.751896389,5.357489276,15.0390598,-1.811955584,1.930538184,-1.003246219,-6.46376428,2.292082616,-7.208141663,-12.71005834,-0.17390018,-2.332410363,-2.308744235,-2.544744286,-1.850814926,-0.886583753,-1.707281431,-0.112332064,-1.72710016,-1.130036107,-1.183169201,-4.525603433,0.150112515,,,,,,,,,,,,,,,,,,,,,,,,,100.2406,486.746639,18.23,35.5556
2015-07-31,-0.940079506,-2.034805167,0.154646155,58.25489649,-11.83860691,18.46684099,0.901944931,14.33165137,-6.821379898,3.649777357,-2.928909919,-15.85989078,5.330029161,-7.217368156,-5.218588462,-4.63410659,0.899629955,1.812235675,-7.126559667,-2.145803228,0.830197544,0.409991324,-15.20107158,-6.400350914,-0.308307977,0.397103495,5.762764185,0.137594594,,,,,,,,,,,,,,,,,,,,,,,,,100.15148,494.885394,12.12,21.1055
2015-08-31,-1.431063682,-2.127532765,-0.734594599,52.50506276,-5.41962093,1.258318875,-13.36103647,9.676759431,-0.928514737,3.623667961,-3.988272416,8.639813001,2.700114146,-3.37220131,-0.759365878,-3.489282601,-7.050682338,-6.793474086,-9.445531261,-4.465626509,0.043702084,-1.081139776,0.299101137,3.277807546,-1.256741121,-0.496844134,-6.038449695,0.136760064,,,,,,,,,,,,,,,,,,,,,,,,,100.04156,461.09098,28.43,32.5
2015-09-30,-1.440146814,-2.184846221,-0.695447407,52.39869172,5.428624567,-2.50069461,-16.21086072,7.014622367,0.653052068,1.064973824,-2.070573152,10.4528198,0.957984516,-0.305444785,3.458528587,-2.514407898,-3.632850716,-3.699284221,-3.018676017,1.092539836,0.873780614,-1.390780268,-6.535598996,-1.867550943,-2.244265129,0.046180523,3.318368277,0.135925649,,,,,,,,,,,,,,,,,,,,,,,,,99.92876,444.71395,24.5,32.1199
2015-10-30,-1.483598339,-2.996459275,0.029262597,51.88983816,-0.639940367,6.707766188,-18.56872613,3.704336411,-1.279946467,1.40061187,-24.21499666,15.02098944,-0.097271924,-2.813402181,25.0913094,-4.950669949,7.582977967,7.655317657,6.896262215,3.340050253,-0.366731466,3.109460393,0.229186756,2.513040263,2.966865753,0.593218398,5.662474451,0.132587818,,,,,,,,,,,,,,,,,,,,,,,,,99.82822,478.247433,15.07,40.3922
2015-11-30,-2.027210077,-3.635300468,-0.419119685,45.52369185,0.340761951,9.523796166,-10.89558546,5.984912739,-2.411985308,3.428064788,-30.02475948,6.900932612,-2.388603701,-2.958338091,30.19661833,-7.355052596,-0.774590411,-0.438931392,-3.975015325,-1.864701317,-0.409845278,-0.057256533,-9.393654309,-7.302778771,-1.872348446,-1.108072318,-0.550549102,0.130918957,,,,,,,,,,,,,,,,,,,,,,,,,99.73387,479.004624,16.13,32.3601
2015-12-31,-2.196024444,-4.573255916,0.181207028,43.54673497,1.559545525,10.11303668,-9.808207346,8.673164351,-2.84086103,2.932059244,-47.1043114,11.05500103,-4.883696013,-2.546666636,43.91432411,-9.50384299,-1.770947387,-1.730543963,-2.140780603,0.046724864,-0.163939468,-1.515202922,-9.024833945,-0.17908483,-1.959606802,-0.306939704,2.154821473,0.138429097,,,,,,,,,,,,,,,,,,,,,,,,,99.64178,468.59461,18.21,#N/A
2016-01-29,-1.680544085,-3.465998975,0.104910806,49.58343941,12.01763086,-6.686822724,-12.76951745,6.45687521,3.347911643,3.181141729,-32.49462972,28.52200951,-5.882683245,-0.679283413,21.47186474,-4.46686628,-6.192514021,-6.138675016,-6.711146451,-2.542826174,2.107309552,-0.198494196,-5.309224352,4.771141541,-1.500018661,0.032931496,-4.02610449,0.139263524,,,,,,,,,,,,,,,,,,,,,,,,,99.55644,442.999362,20.2,29.75
2016-02-29,-1.157103197,-3.373684647,1.059478252,55.71336826,13.03868337,-2.325948513,-4.656113262,7.785177323,2.359756095,4.749949015,-48.65824355,32.35149308,-6.848919414,-1.623786312,22.36823755,-5.501602025,-0.631696361,-0.678598772,-0.177655349,0.240553959,0.887236752,2.001116846,-2.03124887,10.50096716,0.647884949,0.787555424,-0.899818482,0.137594558,,,,,,,,,,,,,,,,,,,,,,,,,99.4845,435.980561,20.55,31.19
2016-03-31,-0.205907841,-2.061203461,1.64938778,66.8526583,6.479334873,4.974941733,8.122087802,0.659212112,-3.26957729,6.343615367,-45.74471896,16.62483945,-0.49291493,-0.019280727,19.51189578,-6.710100333,7.215394781,6.638124968,12.42328437,4.054231087,0.158195781,3.281296829,4.812773661,0.169909827,4.882597755,3.655616617,9.917754403,0.135925651,,,,,,,,,,,,,,,,,,,,,,,,,99.43697,459.14936,13.95,#N/A
2016-04-29,-0.315231566,-1.496900711,0.86643758,65.57238641,3.28145559,-4.454974505,-1.301365902,-3.70354126,-1.181115195,5.916482758,-23.37255801,22.62885189,2.393742123,3.330117974,5.221833639,-5.477473514,1.514413034,1.62366805,0.562401193,-0.084914839,-0.105284037,1.896343558,9.658312297,3.857533362,3.382748658,1.410230065,-2.973048918,0.13425668,,,,,,,,,,,,,,,,,,,,,,,,,99.4099,461.742474,15.7,27.4
2016-05-31,0.191960479,-0.639111119,1.023032077,71.51202778,3.895035781,-7.031991225,-8.484479348,-5.168191469,-0.091648616,3.723804044,-8.49120494,17.44683653,4.282304905,3.480876056,3.95938128,-3.625687217,0.206111906,0.647534614,-3.782383653,-0.540290017,-0.002736128,-0.297996405,2.193903763,-5.891003454,0.032826931,-0.748923966,1.987564608,0.134256739,,,,,,,,,,,,,,,,,,,,,,,,,99.39837,467.202667,14.19,17.8
2016-06-30,0.873129981,-0.254998341,2.001258303,79.48909011,6.626508509,-14.32637372,-8.693489091,-14.17859998,2.650814084,9.410196024,-3.565625509,21.56153124,5.222537034,3.982871294,1.357079441,-3.420940812,-0.552163813,-1.077453621,4.013296265,-0.588752172,2.183614008,3.662610677,0.080127335,8.584536457,0.922338299,1.463507418,6.267106106,0.130084525,,,,,,,,,,,,,,,,,,,,,,,,,99.40317,461.449837,15.63,22
2016-07-29,1.124768702,0.05987669,2.189660713,82.43598916,5.081135272,-0.247946233,6.936627644,-10.66910745,-4.677094898,7.906185584,-21.60942033,7.355121123,8.122724613,2.944501503,10.61692307,-6.678514624,4.265571313,4.161590027,5.144016298,2.30013369,0.404310819,1.543530801,-10.05713662,1.596128149,2.514790425,1.701806219,4.280535688,0.114231848,,,,,,,,,,,,,,,,,,,,,,,,,99.43228,480.047675,11.87,31.25
2016-08-31,0.939608283,-0.151972715,2.031189281,80.26760641,7.504758894,3.480929275,15.36377061,-6.556817794,-7.599407782,7.980306984,-11.14019052,-15.15296403,11.4012237,1.835324758,7.901526474,-7.513701679,0.389356155,0.140475701,2.486572266,0.911633184,-0.551211094,1.781801866,1.753605953,-2.470658437,1.873176897,0.177676603,-3.44141704,0.113397588,,,,,,,,,,,,,,,,,,,,,,,,,99.49296,482.248487,13.42,29.4243
2016-09-30,0.510819139,-0.103890395,1.125528674,75.24612833,8.139926559,0.19157968,4.814386353,-6.112620954,-3.833372947,8.39123169,-0.638181268,-1.973074731,9.589466919,-0.319797182,-5.608108746,-4.501508814,0.656046279,0.577052507,1.308286231,0.447985699,-0.132350265,0.338844748,4.06104029,1.006943057,0.778372482,-0.029456329,-2.082497005,0.111729046,,,,,,,,,,,,,,,,,,,,,,,,,99.59205,482.46835,13.29,24
2016-10-31,-0.141052223,-0.974765224,0.692660778,67.61217162,11.41296057,1.047094687,15.53642021,-2.685285557,-3.571158428,6.48184575,-9.826408038,-5.137237546,6.904153718,-3.504314965,-1.112000795,-4.13310904,-1.683466249,-1.923519058,0.247016968,-1.749247516,-1.106768364,-1.475376668,-1.50851572,-3.893341983,-0.326273363,-1.844682252,-5.794725879,0.111729051,,,,,,,,,,,,,,,,,,,,,,,,,99.72235,479.54519,17.06,24.7549
2016-11-30,-0.069072781,-0.907154573,0.769009011,68.45511085,12.84711006,5.564044226,16.13673192,-1.13728285,-5.541252882,1.732194404,-6.956319954,-6.360215772,6.80358619,-4.469843849,-5.223809231,-0.547832202,0.819692097,1.496027185,-4.709477816,-1.237863373,-2.704528136,-4.254874877,2.503372064,-7.668749365,-1.599391423,-2.882142418,-1.359620528,0.115900456,,,,,,,,,,,,,,,,,,,,,,,,,99.87151,488.776036,13.33,49.8938
2016-12-30,-0.302705802,-1.705448039,1.100036436,65.71907354,11.16546351,14.45213061,11.79976445,9.22453286,-10.03787218,-1.745336388,5.980521847,-25.66621453,9.205615474,-6.112051252,-5.908235905,-1.192854981,2.179308915,2.401827313,0.305829156,3.81356109,-0.10556692,1.428128491,4.607512981,-2.771261682,1.734041808,0.458018324,4.587431609,0.126746915,,,,,,,,,,,,,,,,,,,,,,,,,100.02306,500.345964,14.04,45.5696
2017-01-31,0.223613007,-1.309093041,1.756319055,71.88270525,11.23706503,9.58649338,8.308009893,8.207471585,-7.627740656,-1.258029431,17.49792272,-22.17080324,9.074390484,-5.616990244,-19.2249935,3.224269006,2.720198076,2.409640886,5.327700979,2.008500229,0.225879562,1.425361826,-1.422968606,5.674138146,1.835523967,0.873891713,-0.862256865,0.126746923,,,,,,,,,,,,,,,,,,,,,,,,,100.15114,507.909222,11.99,31.5789
2017-02-28,0.502880457,-0.546817976,1.55257889,75.15315974,8.863573029,11.6459819,4.878542178,6.009800676,-6.660523935,-2.898898513,8.946554861,-15.26234502,5.931344256,-5.932768299,-9.639341113,2.981653001,2.812979777,2.790928672,3.010305722,1.157563509,0.492282183,2.054279007,0.232111243,3.468181008,1.233113387,0.727980851,3.44432453,0.124243795,,,,,,,,,,,,,,,,,,,,,,,,,100.2491,521.94245,12.92,38.4615
2017-03-31,0.060301072,-1.113827071,1.234429215,69.97018644,9.526766301,14.52912828,11.04683589,12.63924887,-8.121402065,-2.817573475,-1.759637365,-14.55160184,4.069280543,-7.075405608,-7.968790691,0.009917463,1.291213943,1.13844832,2.52422695,3.319829744,-0.045745338,0.346996096,-3.993287004,-0.859850526,0.057871271,-0.021140641,-2.853034273,0.124243777,,,,,,,,,,,,,,,,,,,,,,,,,100.32433,526.260237,12.37,30.2181
2017-04-28,0.207284777,-0.950161226,1.36473078,71.69148807,10.01449691,15.78909199,8.645571079,14.92612269,-9.008702155,-1.694102056,-9.843189512,-9.817183404,3.244951659,-5.266417676,-2.957115825,-4.019026792,1.589567759,1.517510954,2.187417252,2.071364665,0.692254656,1.618532442,-2.128686665,1.720267007,1.715926345,1.390689546,-0.239586115,0.120906354,,,,,,,,,,,,,,,,,,,,,,,,,100.3869,532.196289,10.82,38.0488
2017-05-31,0.130025408,-1.598986309,1.859037126,70.78671651,9.727777354,10.75708257,17.89179184,23.28255128,-9.386736034,1.692111118,-23.6938057,-0.540801534,2.103230866,-3.187460953,-7.573663646,-11.34429981,2.253841594,2.169795374,2.929326851,6.243250142,0.650565018,0.825602035,-1.548210026,-0.019742167,1.252744303,1.658332109,-0.555787162,0.11756907,,,,,,,,,,,,,,,,,,,,,,,,,100.45075,539.001,10.41,32.8571
2017-06-30,-0.156024171,-2.157227076,1.845178734,67.43683763,10.87227922,9.561693666,23.45821213,22.13201386,-8.679142125,0.221800672,-31.61563408,5.865544409,0.548526765,-2.098148501,-8.009779296,-11.38508751,0.497662361,0.423877042,1.065903365,2.012298192,-0.162016525,-0.257030298,-1.940436604,-1.909603763,0.168107429,0.420532866,2.41877816,0.115066126,,,,,,,,,,,,,,,,,,,,,,,,,100.52093,539.151922,11.18,29.7143
2017-07-31,0.084152886,-1.562080027,1.730385799,70.24951106,13.58745241,8.927720159,22.81235367,18.66735098,-7.791128453,-1.190925272,-22.44204946,-3.68660073,0.24263165,0.187275423,-6.026590954,-9.700037013,2.791799593,2.397069731,5.860729555,0.460073761,0.166576571,0.655265402,4.482778118,2.016165194,1.493596272,1.657183845,0.912809957,0.115066175,,,,,,,,,,,,,,,,,,,,,,,,,100.59555,548.395386,10.26,34.4595
2017-08-31,-0.091031102,-1.687686959,1.505624754,68.19796061,8.899773827,5.985237636,24.34535308,15.10863202,-5.559206297,-0.188519665,-20.78707129,-0.331472065,0.54075382,1.622740729,-11.57038775,-9.166060218,0.439487779,0.198652072,2.241838021,-1.656324672,1.076712989,1.712983062,-0.779882735,3.427622015,0.623754711,0.811178886,-0.797727291,0.115900442,,,,,,,,,,,,,,,,,,,,,,,,,100.68159,549.296765,10.59,28.0992
2017-09-29,0.235255258,-0.858755263,1.329265779,72.01904571,4.853508974,7.204330972,16.00473634,10.58030039,-6.042922422,-0.907912195,-9.959561213,-6.215377066,2.116407106,1.952318695,-7.660219359,-7.07210124,1.954407215,2.263941363,-0.378367736,1.39474152,-0.860804953,-0.012443228,3.267613704,-2.208309867,0.681127064,-0.247597978,0.266407474,0.115066139,,,,,,,,,,,,,,,,,,,,,,,,,100.77108,559.943303,9.51,33.3333
2017-10-31,0.553705821,-0.744492141,1.851903782,75.74836709,3.775173645,7.373171645,16.44922809,16.70313131,-6.147744015,-3.379554709,-1.470169695,-14.33262697,0.160436414,0.497327485,-11.23749642,-4.615703129,2.077298368,1.89772304,3.451796636,5.25051653,-0.121106178,0.179033268,3.746997088,-1.014402119,0.370330938,0.07203483,-1.095307426,0.115066176,,,,,,,,,,,,,,,,,,,,,,,,,100.85468,574.626885,10.18,39.6396
2017-11-30,0.879143015,0.02599204,1.732293989,79.55950775,2.000477368,8.624454988,10.7028311,1.964806289,-4.351740083,-3.32098699,2.876175753,-13.62448192,0.284838475,1.309150915,-4.184226415,-0.280822119,1.967122038,2.199060711,0.204931465,-1.88236879,-0.137674508,-0.267424736,1.372611084,0.788131199,0.030837444,0.556906654,3.02836018,0.116734709,,,,,,,,,,,,,,,,,,,,,,,,,100.92408,581.118482,11.28,35.493
2017-12-29,1.298725932,0.25696476,2.340487103,84.47317325,-0.14240854,8.200306072,11.6421698,-1.589541005,-2.943679572,-2.551414437,9.361202857,-13.08844131,0.34696039,2.061059288,-12.90643793,1.467815845,1.642164224,1.376995154,3.627439247,1.074436569,0.30836457,0.628245716,4.317833215,0.840079614,0.461424145,0.800056984,0.027406217,0.136760123,,,,,,,,,,,,,,,,,,,,,,,,,100.97705,587.875705,11.04,52.6455
2018-01-31,1.353835977,-0.029368405,2.737040359,85.11855779,-2.645048687,13.65168863,15.05554331,5.249536652,-5.776314418,-4.093366476,6.64693453,-9.509187731,-0.093649967,0.152963528,-23.26021415,1.976066093,5.506972789,5.169355387,7.996092595,3.932678553,-1.367754809,-0.195748117,3.362046065,4.101407522,1.187644659,0.580517396,-4.043762999,0.138429071,,,,,,,,,,,,,,,,,,,,,,,,,101.0128,611.76898,13.54,45.4545
2018-02-28,0.808343398,-0.691926514,2.30861331,78.73038525,2.435370666,12.42197024,11.3832143,4.247298239,-5.334901061,-5.561388899,13.76373206,-9.074105046,1.234209315,-0.535862293,-27.04587223,4.501705367,-4.248190807,-4.181071001,-4.742945753,-5.572272653,-0.75620501,-1.978848997,-3.396666883,-2.042956628,-1.403399585,-1.843991461,-7.4767307,0.137594569,,,,,,,,,,,,,,,,,,,,,,,,,101.03167,588.960018,19.85,39.32
2018-03-30,0.8213199,-0.235910211,1.87855001,78.8823509,5.005846523,3.430740782,8.224006433,3.18237776,-1.822167276,-4.881791902,11.32826467,-3.983654724,-0.520122044,0.737739801,-20.21708845,4.521694951,-2.091857638,-2.126278046,-1.84685141,0.925295601,0.938613684,0.376234567,2.197275706,0.454253724,-0.144555387,0.42916344,3.805232711,0.137594537,,,,,,,,,,,,,,,,,,,,,,,,,101.01943,573.91801,19.97,#N/A
2018-04-30,0.962560357,0.055008999,1.870111715,80.53639432,-3.758781958,3.208387497,0.917625573,-0.404191567,-1.104119696,-6.517058624,13.54514587,-2.894026933,0.117193671,0.324551001,-14.30105273,7.107545935,0.998963038,1.196987787,-0.426600532,2.803178955,-0.813264314,-1.473853869,4.914327996,-0.80772514,-0.228130039,-1.143303644,1.467641633,0.137594576,,,,,,,,,,,,,,,,,,,,,,,,,100.98092,583.861192,15.93,36.9085
2018-05-31,0.869515643,-0.055604937,1.794636223,79.44676321,-2.447650805,2.100360462,-4.360719582,-2.492913972,2.284213941,-6.385451194,16.30867876,-3.102892999,-1.536158315,-0.847961813,-10.08771925,8.120563964,0.192425761,0.696994432,-3.583718261,-3.741274067,0.89376832,-1.090405558,1.43689657,-0.59957026,-1.517652651,-0.766884018,3.899156134,0.137594576,,,,,,,,,,,,,,,,,,,,,,,,,100.92424,587.040804,15.43,38.5621
2018-06-29,0.531825077,-0.613123358,1.676773513,75.49212536,-9.202279118,3.56759853,-14.04064137,-8.234288175,3.571955361,-6.487786966,17.3307274,-6.489225206,-0.599954755,-1.167435573,3.594745312,8.954305445,-0.500721684,-0.008451106,-4.177536615,-3.843814722,0.020690559,-1.009656759,1.34611146,-4.296771752,-0.45176404,-0.484898133,4.152961981,0.137594591,,,,,,,,,,,,,,,,,,,,,,,,,100.85173,586.065022,16.09,28.4483
2018-07-31,-0.200886795,-1.747695462,1.345921872,66.91145893,-4.573722103,3.5167842,-17.89870134,-15.60965914,4.527661957,-0.906934491,13.64679086,-12.48915287,1.043314846,-1.453063014,19.76481449,5.858144505,3.004332642,3.102977538,2.253316432,-1.335903435,-0.419243397,2.039937332,-3.594615087,-2.387424228,1.641037212,0.604269879,0.548634518,0.137594567,,,,,,,,,,,,,,,,,,,,,,,,,100.76113,602.800864,12.83,31.5217
2018-08-31,0.344614052,-1.677156719,2.366384822,73.29972829,-2.716062871,7.787616186,-23.25772696,-8.125958585,4.556758878,-5.353265315,11.34572122,-19.99739,-2.472294106,-0.76743414,31.82458836,4.459384455,0.832228546,1.283350934,-2.720352245,1.196238299,0.76208278,-1.94072968,1.071744857,-1.526810216,-1.038981852,0.2153808,2.933108597,0.137594558,,,,,,,,,,,,,,,,,,,,,,,,,100.64668,608.38544,12.86,43.4959
2018-09-28,0.3351506,-1.46346313,2.13376433,73.18890338,-1.873775574,13.7067257,-20.03360203,-7.468211928,1.135402165,-2.215119374,15.1104166,-22.95687435,0.906619925,-2.068678052,19.10977899,4.77354235,0.47861822,0.601614583,-0.500875997,1.038055405,-0.938135502,1.752445507,3.853515031,-1.272143364,1.360679881,-0.406205789,-2.763038825,0.137594618,,,,,,,,,,,,,,,,,,,,,,,,,100.50026,610.476253,12.12,36.2205
2018-10-31,-0.891258069,-2.905114866,1.122598728,58.82663618,9.257475801,6.363474201,-21.11391054,-31.32987019,3.605543082,1.310830085,13.71240223,-2.816342653,2.225456875,-0.446050448,25.57733055,2.911136806,-7.765665443,-7.601128206,-9.102820552,-14.35781379,-0.478894592,-2.256027226,-6.02102039,2.306321524,-1.837418459,-1.670596279,-2.581925188,0.137594582,,,,,,,,,,,,,,,,,,,,,,,,,100.32325,567.812532,21.23,27.9693
2018-11-30,-1.310536187,-2.755499099,0.134426725,53.91654014,1.720649394,6.865694039,-4.169687607,-17.42368737,0.183333719,0.262738614,-9.27211809,-0.766667917,0.899052842,-2.772986546,27.95357238,-1.759244068,1.503556914,1.186523264,4.043428694,3.257124087,0.883675896,-0.394166849,-11.96954109,0.213771921,-0.958691641,-0.375830029,4.735081589,0.141767056,,,,,,,,,,,,,,,,,,,,,,,,,100.13188,574.526127,18.07,33.8816
2018-12-31,-2.092487667,-3.42873082,-0.756244515,44.75923688,15.36385274,-4.987676815,5.428046801,-8.697845378,1.582989122,4.223098864,-18.26730483,22.34327616,-0.926135405,-1.725715593,8.112500201,-7.085233134,-7.255349997,-7.863430038,-2.603150708,-1.011903842,2.128733808,1.450721385,-8.068829911,4.92378797,-0.752966297,1.229431231,-8.986895284,0.158458701,,,,,,,,,,,,,,,,,,,,,,,,,99.94066,532.098082,25.42,31.5476
2019-01-31,-0.836236184,-2.027857917,0.355385549,59.4709883,8.058926553,-8.167297751,0.058200473,-2.630321207,0.586570145,3.118273063,-16.28351503,19.08309429,-0.841593855,-1.878328355,12.83825535,-5.88333712,7.632889657,7.530732257,8.393472537,7.720090604,0.469653392,4.323247739,8.607517957,3.401230916,4.295857286,2.267764225,10.80520749,0.16096279,,,,,,,,,,,,,,,,,,,,,,,,,99.77186,570.061892,16.57,37.659
2019-02-28,-0.708907105,-1.849176631,0.43136242,60.96211788,3.021471062,-6.554244257,3.595220382,-7.685358387,-2.242359961,7.028658443,-13.84003025,19.331891,2.860995328,-2.839987672,6.57202013,-6.226804755,2.689887779,3.019538796,0.218957574,-0.427608804,-0.271446201,0.620623729,3.742441529,-0.310324197,1.378892588,0.187688477,0.960320408,0.155120177,,,,,,,,,,,,,,,,,,,,,,,,,99.63192,586.574499,14.78,39.32
2019-03-29,-0.80852697,-2.255625993,0.638572053,59.79548628,3.829610499,-5.792706871,5.907310509,-15.17184053,1.908683619,5.09613878,-18.2640235,17.57213641,-0.274452821,-0.261922919,17.35635183,-8.075674501,1.320905516,1.381353167,0.864024018,-2.342471989,1.891012124,1.441837542,1.596382104,-1.816806202,0.461774358,1.613197585,2.838875603,0.157624095,,,,,,,,,,,,,,,,,,,,,,,,,99.51634,594.391464,13.71,33.2
2019-04-30,0.171098515,-0.958849148,1.301046177,71.2677168,3.188672854,4.900985372,12.65517209,7.460957235,-1.695785564,3.347499279,-20.73349691,-2.135591525,-1.211747376,-0.701350539,7.048809509,-8.935451577,3.365585932,3.533912775,2.10176451,2.896998989,-0.277706712,0.119219975,2.809331606,-1.016418728,0.840345464,0.456392384,-0.192869453,0.158458722,,,,,,,,,,,,,,,,,,,,,,,,,99.41124,614.902641,13.12,33.5227
2019-05-31,-0.42652768,-1.120978185,0.267922824,64.26901619,11.68091539,-3.179896042,-1.982417222,-8.066878879,2.433073235,7.927841235,-2.754173339,6.190100094,1.21889552,3.010286835,4.817734736,-9.614566174,-6.033269493,-5.855945859,-7.505107216,-7.628458984,2.322871453,0.572219877,-8.570442768,1.027997493,-1.044415395,0.680706671,-0.341421271,0.153450965,,,,,,,,,,,,,,,,,,,,,,,,,99.31216,577.412374,18.71,24.7934
2019-06-28,0.970551274,0.14154095,1.799561598,80.62997461,8.793366237,11.58398799,-3.96184064,-11.31834928,-2.323843491,5.416459242,-3.64465267,-2.199087756,3.41158778,2.741206637,7.620620085,-7.326087892,6.387853349,6.424238531,6.129791868,4.517987861,0.918621001,2.998521881,4.335093507,8.39449175,3.129939512,2.716999155,1.348827899,0.153450961,,,,,,,,,,,,,,,,,,,,,,,,,99.21806,609.528751,15.08,29.589
2019-07-31,-0.108320616,-1.258250668,1.041609437,67.99548601,7.382618722,10.58749744,-5.734375567,-23.5937456,0.569029021,5.690052575,0.844553675,7.827116593,2.275727167,3.161478846,5.24203477,-6.869368919,0.32796347,0.524268932,-1.161532771,-5.106457177,-0.117961721,1.144296026,-0.212007797,1.307945529,0.427395554,0.0698803,1.585845928,0.148443392,,,,,,,,,,,,,,,,,,,,,,,,,99.13681,614.451687,16.12,31.7416
2019-08-30,-0.812360865,-2.496599091,0.871877361,59.75058817,1.344236134,3.974956828,-9.745814042,-24.60160711,5.614659387,4.824536061,-8.791741471,26.58026746,-4.338724538,4.717276827,13.44159053,-11.67539993,-2.347567713,-2.010533964,-4.972867428,-2.843534738,3.343217761,0.545937486,-5.787090157,6.826174839,-1.567845802,1.899372863,2.347026682,0.125078153,,,,,,,,,,,,,,,,,,,,,,,,,99.07736,600.848477,18.98,26.1307
2019-09-30,-0.513018584,-1.829334601,0.803297433,63.25613566,-15.21824834,4.762414441,-9.786872836,-10.89364014,1.822199122,2.196460428,-11.82424227,23.24740074,-3.344929293,1.413963089,11.39430898,-8.987062258,2.129044954,2.155748025,1.921570775,4.917401086,-0.849557615,-0.360539813,1.734022143,-2.860466454,0.472903586,-0.771066051,2.67330749,0.124243764,,,,,,,,,,,,,,,,,,,,,,,,,99.05941,613.146878,16.24,29.3737
2019-10-31,-0.567866341,-2.136727815,1.000995133,62.61382273,-7.703452536,2.444117268,-5.79545243,-15.06217074,1.722798919,2.007372204,-14.91593762,28.33428545,-4.093240813,2.06620335,13.32205422,-10.0300298,2.724648286,2.539536108,4.139467299,0.986073528,0.068214111,0.369767353,1.236984638,1.712182002,0.803876265,1.159438544,1.0602959,0.129250115,,,,,,,,,,,,,,,,,,,,,,,,,99.07972,624.87748,13.22,35.6021
2019-11-29,0.40890669,-0.530648452,1.348461832,74.05264864,-5.850037759,13.32188609,-1.270325928,-6.418340193,-2.140684147,0.003325178,-12.09984868,11.89434957,-2.364803758,1.260057036,3.000428888,-5.186044052,2.458973043,2.798151152,-0.13148112,0.214992297,-0.301246062,-0.163915539,-0.012506581,-3.419942191,0.079155801,-0.237984264,-1.356383229,0.120072077,,,,,,,,,,,,,,,,,,,,,,,,,99.12295,641.78385,12.62,33.6391
2019-12-31,0.595873128,0.128315454,1.063430802,76.24218139,-6.159871847,7.819754553,1.523257502,-1.181631459,-2.25083778,0.320179729,-6.871363956,3.550065091,-0.9701422,0.337366266,-0.578208718,-1.698439029,3.500304196,2.991113571,7.248269734,6.593918301,-0.563021429,1.858793832,6.754595202,3.671123867,2.55780835,0.855254613,-0.943508246,0.127581279,,,,,,,,,,,,,,,,,,,,,,,,,99.16743,658.187657,13.78,41.8879
2020-01-31,-0.23064754,-1.365768169,0.904473088,66.56293581,0.11520297,8.937868772,0.989311456,5.838054507,-0.46630425,-0.31838284,-20.22254702,14.27340607,-3.319206214,0.377077357,1.92689998,-8.016177811,-1.082784044,-0.579817409,-4.771931205,-3.644780645,2.414306411,1.725721716,-11.45686097,4.482913921,0.127449301,1.58256005,0.415110456,0.127581308,,,,,,,,,,,,,,,,,,,,,,,,,99.19126,653.642728,18.84,31.9783
2020-02-28,-0.783487953,-1.823372041,0.256396135,60.08871402,14.48303503,3.072995673,9.867698632,6.774974634,1.002962939,0.848118227,-14.75697328,11.73195007,0.024850057,0.320974368,-11.72636431,-7.161187017,-8.385950301,-8.793115421,-5.403702996,-6.431728685,2.616146422,-0.816988865,-8.76214536,1.606145891,-1.847921386,0.333747593,-8.779504677,0.118403419,,,,,,,,,,,,,,,,,,,,,,,,,99.18269,603.126281,40.11,30.4348
2020-03-31,-3.782499846,-5.884493044,-1.680506648,24.96778637,25.68285302,3.454696917,17.34885537,5.839244265,10.51606435,-7.932195013,-20.69419129,45.81642517,-11.31198698,-5.931985714,-20.3193952,-16.78553186,-14.43343952,-14.12068203,-16.69789014,-12.22124848,2.851368767,-13.41544636,-34.84994419,-0.055921463,-14.55608752,-7.488937222,-25.20899295,0.117569055,,,,,,,,,,,,,,,,,,,,,,,,,97.07912,524.236671,53.54,32.9016
2020-04-30,-3.979005549,-6.787284344,-1.170726753,22.66654088,13.0068747,16.22297797,22.09088587,21.577291,3.835244691,-11.16777664,-48.2743121,48.49344176,-10.64904082,-4.876891211,-11.89069955,-25.36112097,10.23944409,10.43737701,8.780842679,10.43552499,0.634071188,2.176209534,-10.17176177,5.666279881,4.276413446,4.700354398,7.534368267,0.091708673,,,,,,,,,,,,,,,,,,,,,,,,,92.22072,577.599193,34.15,24.8634
2020-05-29,-3.264229753,-5.649119756,-0.879339749,31.03716091,20.35031235,10.78919712,11.41574664,19.78408698,1.709901074,-4.001539807,-30.88558826,49.67150684,-5.768212416,-5.057644463,-22.76877561,-24.8886781,4.31238782,4.777614557,0.78470348,4.126382996,-0.253767849,5.576660084,15.16312947,1.512508981,4.977033914,1.442929973,-0.63396897,0.0917087,,,,,,,,,,,,,,,,,,,,,,,,,93.96772,600.927189,27.51,33.0709
2020-06-30,-3.369221954,-5.630241338,-1.10820257,29.80761477,21.74811733,10.39657507,12.66528178,15.26170474,2.138881169,-2.167660483,-32.49542793,46.94673047,-6.540199237,-3.174151344,-16.88172759,-26.15000664,3.190470109,2.656164051,7.134073188,4.01101823,0.093588787,2.869630639,4.965363877,2.253584276,2.251085768,2.06369176,1.819022333,0.067522772,,,,,,,,,,,,,,,,,,,,,,,,,96.48816,617.153798,30.43,24.1379
2020-07-31,-2.087490209,-4.592069646,0.417089228,44.81776128,16.11272731,6.683347151,20.7639439,21.04721047,-1.129397604,-5.000858359,-31.90728619,47.40357407,-4.948198052,-0.614182301,-30.17599696,-22.12215613,5.192290773,4.708543607,8.630071275,6.475452455,1.136244287,3.628881434,3.726309127,10.55358297,4.4493575,4.139154838,3.278838281,0.065855039,,,,,,,,,,,,,,,,,,,,,,,,,97.97624,640.73186,24.46,20.229
2020-08-31,-0.705704513,-3.054084171,1.642675146,60.99962291,12.4518835,23.66876738,17.48692873,26.45067803,-7.049264505,-8.095654578,-32.48011068,31.89558883,-3.977237684,-3.250991183,-29.16049454,-15.48820979,5.981881755,6.511133831,2.212359461,3.357443655,-1.101316568,0.297100982,4.483088695,-0.384983585,1.623341012,-0.302754082,0.695264153,0.065021135,,,,,,,,,,,,,,,,,,,,,,,,,98.63362,676.673577,26.41,32.0755
2020-09-30,1.63777108,0.053061016,3.222481145,88.44367438,,17.59140581,13.47349865,22.78281057,-14.97830794,1.545307556,-21.21406613,0.161545651,6.427137895,2.917828554,-19.58522025,-9.121940357,-3.233621533,-3.464044006,-1.601237042,0.236431053,0.138426574,-1.668245842,-3.707216369,-3.665624678,-1.88616725,-0.787542649,-3.149322721,0.052513731,,,,,,,,,,,,,,,,,,,,,,,,,98.80373,657.143988,26.37,24.8945
2020-10-30,1.484643545,0.29935594,2.66993115,86.65042338,,1.333377512,11.24345776,7.157406382,-9.348201878,6.64682082,3.80341168,-1.411446139,7.767677561,2.534732974,-28.76534525,-0.961891424,-2.436534226,-3.09025916,2.054268631,-2.643825069,-0.947213834,-0.119828185,-3.640140427,-0.267993527,0.073001602,-0.061751645,-2.62232459,0.052513817,,,,,,,,,,,,,,,,,,,,,,,,,98.98842,640.329319,38.02,35.2941
2020-11-30,1.857456892,0.468391576,3.246522209,91.01637826,,9.389551432,20.90707436,18.49335803,-9.176645637,-0.18533752,-13.04409489,-21.92306353,4.274125192,3.743031131,-11.80991052,-0.668088049,11.65582548,12.06819141,8.850793681,13.36608755,0.347535777,3.681111122,11.36906569,-6.549371145,4.865778741,3.014799757,11.58289216,0.052513783,,,,,,,,,,,,,,,,,,,,,,,,,99.15938,712.741139,20.57,47.3
2020-12-31,2.165729893,0.679552418,3.651907368,94.62651191,,9.087272236,16.69070491,28.90841257,-9.689219995,-3.662703651,-17.34347845,-16.01303123,3.209777628,1.570853452,-13.38096641,0.622378935,4.588275085,4.189880406,7.22753027,11.85018239,-0.231816742,1.778641086,5.799275383,6.854455677,2.438117849,1.226736164,3.192682198,0.05501512,,,,,,,,,,,,,,,,,,,,,,,,,99.36044,739.305549,22.75,#N/A
2021-01-29,2.155156024,0.493353611,3.816958437,94.5026831,,6.500709693,14.14871179,31.13985505,-5.822478278,-5.413479177,-6.932569124,-31.43014344,2.092846027,-0.793864383,-12.0021583,8.512570146,-0.443099246,-0.971993528,2.942352666,3.513055282,-0.961077766,-1.220900604,4.825781875,-1.26887665,-0.164669919,-0.998448844,-0.198388624,0.055015134,32.22545462,30.48581791,43.37213534,59.35874972,-5.510925121,5.495757118,38.25970969,-10.56478781,13.89880407,4.182077403,19.00160516,0.66518544,14.79867286,14.86964862,17.30024542,16.83414047,3.885035537,8.802397908,24.70985061,13.42207241,9.218479964,6.04932832,18.12632942,0.099259578,99.49116,737.601774,33.09,37.6623
2021-02-26,2.495304709,0.721904604,4.268704815,98.48610757,,-0.394729513,11.42671949,27.19146799,-2.818296904,-8.373021575,0.886869993,-41.83573817,2.008236226,0.855351441,-3.437183482,14.4903245,2.321037948,2.565835399,0.764358513,1.226924436,-1.831319691,-2.59754864,10.05908277,-6.709571005,0.135735154,-1.395930893,5.195875681,0.058350338,24.90376701,22.59522105,40.47613344,55.09771128,-6.970931367,-0.293542127,49.41169783,-23.21396266,10.92359236,1.99572378,28.00282821,0.651843845,14.78705508,14.86179605,17.29014212,16.83201344,3.984332902,8.88638509,25.09496605,13.11123828,9.221364894,6.105519458,18.24818053,0.102704274,,754.748127,27.95,45.9283
