Date,KOSPI,VKOSPI,긍정적,부정적,감성지수,IT,건강관리,경기관련소비재,금융,산업재,소재,에너지,유틸리티,커뮤니케이션서비스,필수소비재
2008-04-01,"1,825",22.04,69.61851762,18.48939431,39.23703524,43.11220025,57.43396226,39.10505837,22.31054584,45.67677682,33.6886182,28.18371608,59.64391691,30.75125209,35.02762431
2008-05-01,"1,852",23.06,72.15690751,17.11752844,44.31381501,47.80600462,64.07432897,45.13692162,27.73419474,50.99230458,42.23263076,31.83673469,46.53465347,33.13069909,37.62376238
2008-06-01,"1,675",25.15,73.88647315,16.00658127,47.77294629,50.54110806,66.75712347,49.81235927,31.66666667,52.76125743,49.3957115,33.33333333,43.64640884,33.52333452,46.38971316
2008-07-01,"1,595",23.82,71.36698282,18.27286595,42.73396564,42.26804124,60.11299435,42.22792388,27.71403354,48.91497688,51.20207927,33.2197615,41.23006834,29.33789954,43.76528117
2008-08-01,"1,474",25.66,70.08575319,20.13911891,40.17150639,39.04421326,59.68092821,37.82668501,27.11621234,46.58151766,50.37800687,29.93348115,32.52427184,25.90815627,42.83276451
2008-09-01,"1,448",36.78,67.84747748,22.34115604,35.69495496,33.40188518,54.76575121,31.97381672,18.53997683,42.19904389,48.15642458,33.33333333,29.24791086,25.48209366,38.92433911
2008-10-01,"1,113",81.27,62.83946841,26.73940383,25.67893681,24.5994345,41.6119403,18.76026273,5.949895616,31.80439727,36.93752023,27.70137525,17.02898551,22.99872935,24.77660439
2008-11-01,"1,076",57.79,60.89758652,29.09603572,21.79517304,26.73233696,41.22137405,15.96051008,-0.649631875,23.82133995,24.2318657,23.43470483,10.01890359,24.1943734,19.88261189
2008-12-01,"1,124",48.61,61.0073831,29.25020509,22.0147662,24.64722484,45.39170507,15.65762004,-2.201834862,24.71550498,18.10973676,26.38230648,8.846153846,29.11138924,21.14597544
2009-01-01,"1,162",48.21,59.30277066,30.22406737,18.60554132,19.56489346,43.72375175,11.50541651,-2.584318879,22.01994618,13.49292709,22.50639386,9.54954955,23.46741235,20.42866711
2009-02-01,"1,063",47.36,60.53028475,29.19280888,21.0605695,25.52326457,51.34849286,15.39068666,-0.483759502,24.69252602,14.10433343,21.18380062,2.564102564,24.08083759,22.76422764
2009-03-01,"1,206",39.56,63.20509872,26.42662374,26.41019744,31.04086353,53.07692308,19.62616822,5.57209698,31.20176406,20.31615925,32.02614379,3.686635945,27.42148324,26.19392185
2009-04-01,"1,369",34.57,65.56544943,23.66795255,31.13089886,40.80137872,50.70422535,25.11965963,8.83089024,33.60548661,28.4901758,38.9133627,2.564102564,30.76557299,27.28468113
2009-05-01,"1,396",33.42,69.55685692,20.81694491,39.11371384,52.30700314,56.9550931,36.20135666,14.9037037,39.62144107,37.97927461,54.98489426,-3.777335984,39.73799127,31.02595797
2009-06-01,"1,390",27.26,73.74127617,17.36041874,47.48255234,58.45004669,60.85450346,45.38634659,30.4670126,45.46377793,47.37979471,59.76676385,17.4796748,45.99888081,39.32729625
2009-07-01,"1,557",25.62,74.15693728,16.82052674,48.31387456,57.80080599,59.50452596,49.69120347,32.8659071,45.97986283,51.28320576,48.16687737,29.52380952,43.20457797,42.4263194
2009-08-01,"1,592",23.97,75.13227513,16.39061422,50.26455026,60.28639618,61.88907194,53.40018232,39.53089245,45.86670697,54.62920313,40.86538462,39.21971253,41.01712241,47.3965287
2009-09-01,"1,673",22.85,76.0731175,15.37528798,52.14623499,61.5285806,61.41334829,54.15645617,44.80651731,47.05882353,57.8209025,40.23255814,45.59099437,41.11479029,49.54268293
2009-10-01,"1,581",25.41,74.86132682,15.99179055,49.72265365,56.02948095,57.12890625,53.81342062,42.74626866,45.00533781,55.50280535,36.64122137,32.70676692,42.08416834,50
2009-11-01,"1,556",21.94,75.33454393,16.02458444,50.66908786,57.04336815,56.66836995,56.20663069,44.00963275,43.58515869,53.39896859,45.55873926,23.1372549,46.61902144,53.40687865
2009-12-01,"1,683",20.35,75.94403396,15.68935702,51.88806791,56.42844783,57.14285714,58.68673051,41.64588529,45.67730802,54.1487069,49.22048998,27.46478873,49.06003639,56.87203791
2010-01-01,"1,602",23.29,74.80553684,16.17565995,49.61107368,54.72904746,51.66070516,56.64267016,38.23637029,44.15437003,50.65229722,44.14414414,32.98429319,48.31526516,51.45197319
2010-02-01,"1,595",20.59,74.43642009,16.41468683,48.87284017,58.712259,53.69085174,54.81049563,32.68783888,44.31095406,50.20667727,52.16138329,37.79904306,42.82951982,42.88
2010-03-01,"1,693",17.68,75.14260104,15.42128422,50.28520209,60.98890403,54.63576159,53.03754266,30.05936319,49.98896491,51.62002946,53.60824742,37.67605634,42.34792716,38.54059609
2010-04-01,"1,742",18.27,74.61039419,15.33389747,49.22078838,60.98146877,44.29530201,52.75080906,30.63241107,49.47965941,49.16452442,59.53757225,29.91735537,41.46179402,34.7130762
2010-05-01,"1,641",24.01,75.94189741,14.80847795,51.88379483,63.62098139,49.90415335,56.86813187,35.17753922,48.88454012,51.13858165,66.61316212,28.83642496,44.30628272,46.8907563
2010-06-01,"1,698",21.9,77.80194701,13.63620155,55.60389402,64.82582838,49.41824862,61.70473083,38.95619758,53.10454275,55.00476644,67.64295676,27.06333973,49.58825636,54.93630573
2010-07-01,"1,759",19.26,76.43664821,14.54720297,52.87329642,59.7100472,47.68590744,60.41868579,36.38634471,51.72790105,54.20721236,65.25096525,26.05042017,46.98055271,49.65421853
2010-08-01,"1,743",18.79,76.3834926,14.81325913,52.76698519,57.11678832,54.39814815,59.52478492,33.86727689,51.57688541,56.64206642,67.22689076,32.58003766,48.4375,49.84045948
2010-09-01,"1,873",16.77,76.19420517,14.95693031,52.38841034,51.48613605,52.37449118,58.76882197,32.3903819,56.30215195,58.83520847,70.95435685,27.88259958,47.73427189,44.84272129
2010-10-01,"1,883",18.6,74.539214,16.09404496,49.07842801,46.43693543,51.13636364,57.34083149,31.90815519,52.40782543,55.44995545,66.9250646,31.04761905,41.51820294,42.95212766
2010-11-01,"1,905",22.76,76.67865315,14.883949,53.35730631,50.74174509,59.06913073,61.87063926,38.99260303,53.85179751,60.78654887,71.77033493,38.21138211,46.5942029,44.75733972
2010-12-01,"2,051",15.83,77.57794185,14.39868435,55.15588369,52.82067956,61.75413372,64.68321918,44.17637271,55.09168943,60.16283803,71.46144994,40.40219378,47.03718839,44.68362688
2011-01-01,"2,070",16.3,76.33371005,14.85119824,52.66742009,53.33702575,55.05481121,61.69369369,45.3003054,50.2036979,57.64816116,67.09090909,37.52122241,41.55759162,43.72146119
2011-02-01,"1,939",20.06,77.07267811,14.21963058,54.14535622,59.35706085,53.71900826,60.43824701,45.95170455,50.10853835,59.87345109,70.26239067,36.68528864,44.06368986,42.96875
2011-03-01,"2,107",16.57,75.90299467,14.91456917,51.80598934,58.37676843,46.23154623,56.69683258,44.20783646,47.80392157,58.33093525,66.88453159,31.09619687,40.10479645,44.69641551
2011-04-01,"2,192",18.36,75.76523269,14.78970094,51.53046538,54.98839907,51.38539043,56.85051647,43.81598793,48.61086533,57.17691941,65.95744681,16.54320988,44.40052701,43.94124847
2011-05-01,"2,142",18.56,77.19053769,13.99293046,54.38107539,57.55086072,60.18336608,60.82051282,40.20766201,53.41159208,58.54488354,66.89342404,12.91866029,51.21450564,47.00432366
2011-06-01,"2,101",19.24,77.39651785,14.18941806,54.7930357,51.25797972,60.71209331,63.71681416,42.87931704,54.47184395,57.90891943,64.99416569,12.35955056,54.59308418,50.69560378
2011-07-01,"2,133",21,76.29898545,14.81961687,52.59797089,45.71884418,62.68393172,61.82028538,40.95588235,53.94644116,54.68871093,53.88291517,4.985337243,53.58539765,53.64238411
2011-08-01,"1,880",28.05,75.13223879,15.81369788,50.26447757,43.75,59.19948354,61.41017522,36.82758621,50.78441742,53.44975666,47.09976798,4,49.81697171,56.27329193
2011-09-01,"1,770",40.56,73.69917094,17.19699961,47.39834189,37.87180561,59.0504451,60.0482509,35.75857792,47.17971141,47.45870394,38.4863124,8.235294118,51.06630477,55.82822086
2011-10-01,"1,909",31.02,71.64528645,18.63399629,43.2905729,37.29323308,60.35422343,54.1640312,24.30919902,44.64802314,38.47420417,33.8150289,9.324758842,49.8122226,55.69272977
2011-11-01,"1,848",29.04,71.74671658,18.88522302,43.49343316,41.87467272,59.81432361,53.95095368,22.02398362,42.51898958,38.283307,46.94894147,14.07407407,49.98572652,53.78690629
2011-12-01,"1,826",26.4,72.474449,18.62615588,44.948898,45.13115343,61.06870229,53.68335368,22.77486911,43.92486011,38.49311052,49.17787743,22.43902439,52.02927478,55.49295775
2012-01-01,"1,956",23.36,71.97834493,18.57076566,43.95668987,47.8344872,55.60165975,50.69683258,20.63302478,43.34376086,41.26771864,48.56396867,26.01431981,45.18731988,52.00486027
2012-02-01,"2,030",19.4,72.39079176,17.76805659,44.78158352,53.73006345,53.07872175,49.44465722,24.00224845,43.30760388,46.56126482,50.06242197,28.76712329,41.41900937,47.7027027
2012-03-01,"2,014",17.56,73.15901814,16.7093561,46.31803629,57.30464326,53.11627907,49.2619148,24.58800264,47.15165512,46.63927209,46.38554217,41.82825485,40.73346431,46.05160281
2012-04-01,"1,982",17.31,72.24216038,17.29717009,44.48432076,53.99688958,47.97687861,48.31575366,23.56979405,46.01303134,43.13241107,43.47826087,41.60583942,38.4077461,48.03664921
2012-05-01,"1,843",22.69,72.68869526,17.25415865,45.37739052,56.95010982,47.32824427,48.16666667,26.06490872,45.77454545,43.01461778,45.17647059,30.59033989,41.53446034,54.86600846
2012-06-01,"1,854",20.03,73.98376375,16.66568622,47.9675275,58.06973665,54.55820477,49.1646778,28.77697842,48.41244892,44.9327818,44.64534075,27.20848057,44.40913031,56.91922354
2012-07-01,"1,882",20.32,72.23266957,18.05043922,44.46533914,53.57436319,56.80954965,44.53253553,25.28703444,44.74603601,41.29692833,39.38730853,21.86046512,42.05180295,55.77889447
2012-08-01,"1,905",20.35,71.42588159,18.79656777,42.85176319,54.92149758,62.3655914,40.85764387,15.93239124,43.04562947,42.69090909,41.85228605,20.83333333,41.7087846,50.40462428
2012-09-01,"1,996",17.23,71.88077496,18.42324888,43.76154993,53.75631313,69.67592593,40.05965959,14.04109589,44.71369038,43.75490966,44.02035623,25.80645161,42.94427502,47.71322621
2012-10-01,"1,912",18.37,70.24306612,19.66097945,40.48613223,50,69.13113869,37.53164557,11.96632592,39.60339943,38.55585831,48.65181712,26.79738562,42.16993464,46.59546061
2012-11-01,"1,933",14.87,71.29736567,19.05901116,42.59473134,55.28467829,71.55457552,39.95917726,14.79390175,37.43323228,43.39435923,56.42201835,30.48433048,42.99347062,47.40061162
2012-12-01,"1,997",15.89,72.38193986,18.36176831,44.76387972,55.44961368,70.53789731,41.56898106,23.09271297,38.40784444,43.17263668,57.46971736,33.75594295,47.37177445,50.03579098
2013-01-01,"1,962",15.18,70.23357787,19.64190348,40.46715575,50.33033033,65.84808681,37.1110079,18.784,35.45933294,38.66923819,49.2704826,31.63120567,45.42815675,41.93962749
2013-02-01,"2,026",15.19,70.14710297,19.51966376,40.29420594,50.60260325,64.39665472,38.98584129,20.13355593,33.12010235,39.10598819,43.00518135,34.05909798,44,41.28187457
2013-03-01,"2,005",14.34,69.96759605,19.43168465,39.93519211,48.293043,60.73968706,39.86653956,19.40789474,35.6595092,34.84549638,41.20667522,31.35888502,46.6160221,38.17504655
2013-04-01,"1,964",14.74,68.82094047,20.23974983,37.64188094,48.30692762,61.15802171,37.37463127,16.19365609,32.10297767,29.93597951,38.2642998,22.66666667,47.25472547,38.91472868
2013-05-01,"2,001",14.16,70.57195303,19.17484922,41.14390606,55.65290649,61.97887715,42.94765425,19.67570939,31.12777053,33.80396416,38.87775551,21.01740295,49.9201703,45.41637509
2013-06-01,"1,863",17.11,71.64953257,18.54520608,43.29906513,57.77166437,61.47692308,44.7532792,20.52463665,37.34309623,36.14744352,37.6344086,15.77574967,50.80983803,43.46952445
2013-07-01,"1,914",16.26,70.40363597,19.35396602,40.80727194,55.10204082,60,44.26910299,18.71794872,33.31366185,33.90385099,39.4352483,13.31521739,45.55112882,37.49303621
2013-08-01,"1,926",15.73,71.25972734,18.67357089,42.51945468,57.00203943,57.9056506,47.88624135,23.07167235,36.29827788,39.88304094,41.89814815,7.773386034,41.16758933,35.12396694
2013-09-01,"1,997",15.38,71.08707089,18.77877154,42.17414179,54.19445419,55.92814371,46.71947649,23.09602649,40.20389249,40.52459016,44.66936572,5.701078582,36.42547928,33.21917808
2013-10-01,"2,030",14.41,70.34027566,19.25455503,40.68055132,50.99025464,53.40965655,45.69884621,24.54672245,36.85485092,41.66012045,44.17238002,9.251101322,34.90541591,31.82275932
2013-11-01,"2,045",14.42,72.14761345,18.18308992,44.2952269,53.25262308,54.41565309,49.73471097,30.2017863,41.6890292,47.28500147,44,16.66666667,37.89473684,36.37596023
2013-12-01,"2,011",12.84,73.02973978,17.73234201,46.05947955,53.13028765,55.92654424,52.23200729,31.3304721,42.62408886,47.43758213,45.10739857,24.77876106,39.90055935,39.8089172
2014-01-01,"1,941",14.43,71.14073243,18.93643889,42.28146485,47.80593325,56.8170299,49.83757445,29.10641453,34.67741935,41.65181224,36.41133263,27.65957447,38.5481148,39.88711195
2014-02-01,"1,980",13.49,71.10687023,18.62913486,42.21374046,49.94515539,59.01369863,48.95754071,25.1914242,34.16195857,37.07386364,34.06593407,36.55172414,40.51466188,42.66666667
2014-03-01,"1,986",13.82,70.41216879,18.97410735,40.82433759,49.07866059,54.53976205,45.66709965,23.49949135,32.34691555,33.77538334,31.98380567,40.41811847,39.82425308,46.23937214
2014-04-01,"1,962",11.6,69.92154239,18.98187568,39.84308478,50.90939429,50.27624309,43.45076784,20.99447514,33.15421816,32.59503143,32.50773994,38.6962552,38.97280967,45.38112065
2014-05-01,"1,995",10.86,72.1539097,17.39586312,44.3078194,56.68001456,51.49425287,47.38287807,26.25,42.07797196,36.74876847,38.48101266,35.79335793,40.22072348,48.62087615
2014-06-01,"2,002",11.48,73.52842921,16.75018374,47.05685842,56.83041723,51.20711563,49.90630856,32.72090989,45.52072801,41.04529617,38.46153846,29.97118156,41.58523344,51.01816181
2014-07-01,"2,076",12.69,72.26184998,17.46145881,44.52369995,53.06380291,52.42441529,47.77822527,32.91834493,41.69068204,41.41994826,27.18446602,29.18395574,40.44416641,47.6892822
2014-08-01,"2,069",10.86,72.57959714,17.20597791,45.15919428,50.3077784,55.80808081,48.78651359,38.36833603,41.67904903,46.31912645,23.51190476,27.89115646,40.73089701,47.00761697
2014-09-01,"2,020",12.69,72.67614715,17.26546549,45.3522943,49.18541505,58.85304659,49.14876691,38.71117293,41.98250729,46.9770935,18.46785226,30.47775947,42.45393963,45.22292994
2014-10-01,"1,964",13.99,70.99738772,18.6479086,41.99477544,45.15203672,60.46966732,46.2745098,36.65620094,37.65586035,40.11717545,12.9787234,34.44108761,42.92665971,41.9924338
2014-11-01,"1,981",11.59,72.14317399,17.97863992,44.28634797,49.89191526,61.34122288,48.20895522,38.86594067,39.1954023,40.14700735,16.04010025,29.88650694,46.86588921,45.41516245
2014-12-01,"1,916",12.97,72.70260621,17.90789004,45.40521242,52.73477812,65.37433155,48.63715141,39.46634807,40.33830846,37.93103448,12.46819338,27.58132956,51.23152709,44.65075155
2015-01-01,"1,949",13.67,70.97634545,18.78075885,41.9526909,54.06100698,63.09739867,43.98852224,34.31334623,33.05070375,33.52308665,10.45130641,19.73333333,51.26390293,41.48329258
2015-02-01,"1,986",11.11,71.39020425,17.96240017,42.78040851,58.15602837,59.09385113,44.46989529,29.43632568,35.15715949,37.6891842,16.64611591,8.831168831,49.85734665,45.51495017
2015-03-01,"2,041",11.09,71.90104867,17.58921369,43.80209734,59.61538462,64.05835544,44.69817667,23.90608324,37.02685557,38.8372093,18.43137255,1.498127341,49.26906361,42.91010195
2015-04-01,"2,127",11.76,70.92020592,17.73809524,41.84041184,57.57460559,58.24561404,41.75512035,22.5388601,33.6646786,40.74074074,29.46058091,6.506849315,46.85598377,45.68835098
2015-05-01,"2,115",12.59,72.87596696,16.385866,45.75193392,59.81367775,56.63234403,46.11845888,31.03174603,39.92727273,47.21736087,40.33613445,16.44042232,42.41345843,53.85579937
2015-06-01,"2,074",14.45,74.79919023,15.43786325,49.59838046,60.66532627,63.23699422,48.33766985,37.15517241,41.36203377,52.03164329,55.42590432,27.95497186,45.96747428,54.89467162
2015-07-01,"2,030",13.54,72.38338296,17.19551964,44.76676592,54.01425178,62.95896328,42.14559387,33.23604524,34.95459443,48.28777883,48.75518672,29.92,44.98269896,54.41340782
2015-08-01,"1,941",19.75,72.71953334,17.4586158,45.43906669,54.37867774,68.85057471,42.23738063,37.11383834,35.32752745,49.58579882,49.32614555,20.90032154,41.9298754,55.12820513
2015-09-01,"1,963",20.48,72.62892814,17.76264453,45.25785628,53.69333574,72.01201201,41.63048722,32.07359523,35.64171677,45.52087556,46.32587859,18.18181818,44.76723836,56.25409299
2015-10-01,"2,029",14.22,70.47496791,19.0513808,40.94993582,51.47993463,68.87897379,39.85802749,30.52894627,28.53036292,33.96778917,28.33078101,13.13131313,43.95318596,57.31945348
2015-11-01,"1,992",14.37,72.67207859,17.69220274,45.34415717,56.66936136,69.96547756,45.8049558,34.44312327,33.44142683,37.43111488,41.13712375,9.574468085,47.34161095,57.32009926
2015-12-01,"1,961",14.18,73.71509125,17.05337753,47.4301825,57.18722272,69.86980781,50.75744964,31.75983437,36.19631902,36.05812897,39.96383363,18.32946636,53.89244077,57.83783784
2016-01-01,"1,912",17.93,71.12906525,18.63366742,42.2581305,50.25035049,69.58920907,46.75757576,27.27954972,31.87855787,28.54851644,33.96825397,13.85927505,49.32240782,49.89354152
2016-02-01,"1,917",17.56,70.97214326,18.61284821,41.94428653,50.08391273,69.37541974,45.5759081,25.19269777,33.34890238,35.29118965,41.92229039,10.33138402,45.99542334,39.97271487
2016-03-01,"1,996",12.33,70.6072533,18.54559085,41.21450661,49.15065441,69.41005098,45.72368421,22.41735537,33.31418725,32.29885057,41.58415842,9.146341463,43.93234672,36.61636219
2016-04-01,"1,994",12.42,69.87781596,18.53760977,39.75563192,45.35104364,67.68617021,42.75180158,26.58436214,32.91792007,37.15575621,45.97701149,5.882352941,40.14184397,36.72627235
2016-05-01,"1,983",11.81,72.22713128,16.76207307,44.45426255,55.03112033,68.35748792,45.10229386,32.24781573,33.55155483,51.37614679,58.88223553,11.19133574,43.3123379,40.28314028
2016-06-01,"1,970",13.9,74.16602644,15.64837653,48.33205289,55.77689243,69.29560506,48.95850974,33.45275414,39.88411395,55.64598169,59.40803383,19.66527197,47.02093398,46.24908958
2016-07-01,"2,016",12.6,72.76574906,16.54482493,45.53149813,54.6837117,65.99455041,44.97076023,33.78111418,36.37626513,52.11267606,52.5,16.76300578,44.6921797,44.63768116
2016-08-01,"2,035",11.56,72.30729777,16.85961313,44.61459555,60.13636364,63.9089969,40.71180556,31.40569395,36.71176336,52.62626263,52.83842795,17.64705882,42.6029654,35.4655295
2016-09-01,"2,044",14.11,72.20430108,17.23738627,44.40860215,56.43382353,60.93394077,39.85040877,32.54310345,40.72164948,50.72463768,49.7382199,14.13881748,42.76970161,29.89175687
2016-10-01,"2,008",14.61,70.1977644,18.60017197,40.3955288,51.14235501,57.54422477,33.80904809,34.91921005,37.33248245,44.16203336,50.52264808,1.59453303,41.82161992,27.44252874
2016-11-01,"1,983",12.8,70.87988827,18.45903166,41.75977654,54.08064827,57.37327189,35.39180073,34.7826087,40.17283404,47.04453441,53.92670157,5.210084034,40.99341712,33.14220183
2016-12-01,"2,026",11.51,72.05152137,17.98767967,44.10304275,54.31158675,58.83838384,38.29362029,35.10638298,41.18529632,48.22294023,54.35992579,7.142857143,43.17165463,42.82051282
2017-01-01,"2,068",12.53,70.31941032,19.03030303,40.63882064,53.90683696,57.04338511,31.54255319,30.57692308,35.37936914,46.87953556,54.43425076,7.722772277,42.13762811,39.48598131
2017-02-01,"2,092",10.64,69.86810841,19.01236268,39.73621681,59.35430464,54.81441635,31.04693141,21.93140794,31.96508611,45.62101911,55.55555556,4.693140794,43.76130199,36.45291739
2017-03-01,"2,160",11.06,70.11856521,18.68152484,40.23713042,60.50255202,55.81632653,27.69953052,18.47995836,34.23027167,43.26069411,59.41422594,8.02919708,45.44235925,31.59652639
2017-04-01,"2,205",12.27,69.94009478,18.61830537,39.88018955,60.0201579,53.71835443,24.92224476,26.77224736,38.87919333,37.83085862,59.78695073,7.172995781,46.61179698,28.31578947
2017-05-01,"2,347",13.18,71.50996359,17.41752592,43.01992718,63.29395651,56.16230565,29.23832924,33.58033008,46.05451937,38.78610841,62.5974026,5.124450952,47.041273,33.244916
2017-06-01,"2,392",12,73.48033031,16.44970754,46.96066063,65.25381136,59.01639344,31.62371134,43.43434343,52.34230911,42.33697451,59.84555985,11.41975309,47.79075673,39.23611111
2017-07-01,"2,403",12.79,71.60553492,17.744315,43.21106985,60.51574012,55.04363002,27.70120053,47.08041375,46.66666667,39.26902995,47.36842105,6.741573034,47.06821812,38.69701727
2017-08-01,"2,363",13.64,71.01984433,18.42839306,42.03968865,60.08485063,55.94002307,27.6098438,48.07831762,43.93465415,41.12903226,43.42723005,4.659498208,42.96127563,38.89928866
2017-09-01,"2,394",13.41,70.58017777,18.951662,41.16035553,59.52641166,53.16508068,26.42122361,44.82758621,40.86284086,41.03930713,38.86693017,8.148148148,41.91795708,38.50850414
2017-10-01,"2,523",12.06,69.62091962,19.5039195,39.24183924,54.10829231,50.53763441,26.78236983,42.69230769,37.88487282,40.86901763,47.39517154,12.11631664,41.38414122,33.85214008
2017-11-01,"2,476",13.2,71.57320434,18.15343945,43.14640868,59.53967293,52.68346112,34.90011751,40.02165283,41.62696312,44.42190669,58.24742268,7.254623044,43.76528117,37.85027185
2017-12-01,"2,467",12.06,72.67311261,17.3096331,45.34622522,59.34309809,53.04347826,39.58960328,38.1590706,39.7969341,46.85735792,58.95061728,10.33057851,50.11235955,40.8315565
2018-01-01,"2,566",14.54,71.83553773,17.70303429,43.67107547,54.91051942,53.28244275,38.68974042,35.50987505,38.873338,43.11111111,59.26966292,11.11111111,49.35492031,40.35827187
2018-02-01,"2,427",15.55,70.43078968,18.42788955,40.86157936,55.71169538,52.25618632,36.21147715,30.11782032,33.8374956,40.16191482,47.2972973,5.857740586,46.86623012,38.95890411
2018-03-01,"2,446",17.54,69.93174616,18.75761762,39.86349232,51.22972266,55,34.06718542,24.26229508,30.97261568,41.01508916,44.9704142,18.0887372,47.83458157,37.65060241
2018-04-01,"2,515",13.59,68.97587312,19.46347225,37.95174625,45.47537228,53.16045381,33.00601837,31.28205128,33.4370745,36.65092626,41.8699187,20.83333333,41.1010155,35.57457213
2018-05-01,"2,423",14.55,69.37059759,19.25211803,38.74119518,47.69864896,54.63041631,34.15017279,34.7047619,34.62911543,35.82961182,39.76311337,21.93158954,38.36175835,39.71443681
2018-06-01,"2,326",16.04,71.79265035,17.89762472,43.5853007,49.58639706,62.9969419,39.41982559,39.06093906,41.62764771,40.67256637,45.625,32,39.15492958,46.28508531
2018-07-01,"2,295",13.05,69.94472453,19.37374719,39.88944907,46.31884058,58.68544601,36.37189582,37.6911315,35.61995598,37.00834327,35.97206054,27.98264642,37.3993657,43.42226311
2018-08-01,"2,323",11.64,69.70929309,19.58061954,39.41858618,50.97768122,55.13748191,34.98371336,28.15680362,35.27227723,41.31545338,35.95933926,22.15053763,35.13379584,43.02019315
2018-09-01,"2,343",11.24,70.27722541,19.40577845,40.55445081,50.19522777,53.79229872,37.98037612,27.92706334,35.71428571,44.03420132,34.5276873,20,38.18672059,39.90659056
2018-10-01,"2,030",20.49,67.87302005,21.21381763,35.74604011,47.34042553,43.45945946,30.30654515,28.5329226,31.22661123,35.12437811,36.85674548,7.023411371,35.91628959,38.89384478
2018-11-01,"2,097",18.57,68.2875334,20.89862435,36.5750668,48.93274265,41.97730956,31.29596339,26.22886355,36.03565365,31.40161725,49.19236417,10.83844581,38.59263332,37.34015345
2018-12-01,"2,041",18.99,68.64010324,20.90256493,37.28020648,43.04921969,48.70825457,31.76375076,30.89598352,36.83173195,26.1167002,48.13559322,10.76923077,46.60056657,39.79200876
2019-01-01,"2,205",15.51,66.47353079,22.41335876,32.94706158,37.19008264,50.78299776,26.38811513,25.87951807,31.90782645,20.47075606,34.44909344,8.120649652,43.59127577,39.83561644
2019-02-01,"2,195",15.49,66.22345951,22.34595089,32.44691902,38.02593279,54.44964871,28.30104654,20.82429501,32.05607477,17.66784452,28.50393701,10.28446389,39.63935463,36.87845304
2019-03-01,"2,141",14.29,66.57094869,21.81828033,33.14189738,38.84976526,59.638135,28.61189802,17.39130435,31.16999107,18.16557475,22.92089249,10.70110701,38.01816028,40.04424779
2019-04-01,"2,204",13.28,66.73457887,21.38367506,33.46915774,41.40316206,57.83718104,31.56754154,21.74984596,31.33147114,18.51203501,22.23816356,13.66459627,36.30397237,37.13768116
2019-05-01,"2,042",17.32,67.94028863,20.44824877,35.88057727,48.89434889,56.59251221,30.18949182,28.38250254,32.47011952,23.33480371,26.33390706,8.854166667,38.52016513,35.70863025
2019-06-01,"2,131",14.43,69.70978628,19.54105737,39.41957255,48.77878576,60,35.24451939,30.85173502,35.48917512,27.09181366,20.93023256,0.970873786,46.73178062,37.92517007
2019-07-01,"2,025",15.29,68.18333519,20.65487448,36.36667037,46.11087237,58.02209363,31.58088235,35.23537803,29.74614884,25.17099863,22.62569832,-1.648351648,46.4261857,35.340729
2019-08-01,"1,968",15.75,66.79452251,21.88485804,33.58904502,48.1932956,52.55767302,24.39362439,30.56603774,24.6747318,26.49510692,26.08695652,-5.504587156,46.26467449,25.06493506
2019-09-01,"2,063",15.15,67.67052662,21.33475183,35.34105323,48.90238206,50.90609555,29.2539134,29.6534018,25.7085528,24.32865731,32.97682709,-1.694915254,48.74371859,27.54303599
2019-10-01,"2,083",13.59,66.54366131,21.71491831,33.08732262,46.80511182,50.44580009,27.30220493,27.94846383,22.04049844,19.45169713,37.43455497,3.581267218,47.99789252,25.49595885
2019-11-01,"2,088",13.96,67.54101428,21.02177032,35.08202857,49.94375703,49.13098771,30.04218091,21.91721133,24.86317435,21.78694158,39.73013493,3.056768559,47.39691795,31.27906977
2019-12-01,"2,198",14.69,69.50758978,19.48537579,39.01517956,51.78791615,53.42465753,36.71920607,24.16756176,29.50855163,21.5408805,38.34115806,8.21529745,50.28838231,43.41463415
2020-01-01,"2,119",19.29,68.10993976,20.25260131,36.21987952,50.5075656,55.44603253,35.46337158,21.04247104,26.44080997,17.55188181,28.42415317,6.158357771,45.332002,39.86928105
2020-02-01,"1,987",33.81,67.29298667,20.43186949,34.58597334,51.56353959,54.45026178,33.57387011,16.71415005,26.27556754,18.56652688,11.69686985,6.918238994,40.50343249,37.88343558
2020-03-01,"1,755",48.55,63.32087314,23.6836033,26.64174627,44.0700451,57.28030789,25.08276038,9.052333805,19.05675898,9.660574413,-13.32007952,-12.60504202,30.96812989,25.91093117
2020-04-01,"1,948",30.51,60.97372488,25.74188563,21.94744977,35.90225564,50.63782585,18.41463415,8.516336369,13.85876115,10.66666667,-17.41935484,-16.73469388,29.12670369,24.00662252
2020-05-01,"2,030",25.64,61.98863636,25.53977273,23.97727273,35.45096221,48.91500904,15.12156553,8.026249369,17.96927188,16.9294037,-15.46391753,-1.818181818,34.69037926,28.10996564
2020-06-01,"2,108",31.07,64.2992126,24.65748031,28.5984252,37.58604865,51.54586923,16.72449688,12.37042156,22.45301682,23.98523985,-9.185441941,-0.771208226,41.04803493,35.20933425
2020-07-01,"2,249",23.57,67.06493882,22.17810345,34.12987763,43.8108484,49.92473658,21.88538206,23.72697725,28.56821758,28.94292469,-4.833836858,18.30985915,47.81792586,41.3027917
2020-08-01,"2,326",27.77,69.99849635,19.78046763,39.99699271,51.22889506,57.00458482,26.2908778,29.06091371,35.25247758,35.89181287,0.938086304,12.42937853,51.87189896,42.95628036
2020-09-01,"2,328",24.15,72.18191964,17.81529018,44.36383929,55.75910236,61.70212766,30.49723757,36.61538462,38.07312826,40.98639456,11.27819549,8.786610879,55.26479751,45.78096948
2020-10-01,"2,267",31.97,72.34097347,16.93707614,44.68194695,58.12513818,59.34755332,33.95238095,41.26794258,38.99552984,41.35220126,5.241935484,7.053941909,53.47137637,40.91392136
2020-11-01,"2,591",20.77,74.71451876,15,49.42903752,62.74043657,63.82022472,43.02350658,44.29708223,42.22573007,47.86291875,19.47368421,11.82795699,53.93133998,42.10090984
2020-12-01,"2,873",22.09,76.3926472,13.66053933,52.78529439,64.1893339,64.03908795,50.47770701,47.37620103,45.13325608,47.98567592,24.60732984,21.76656151,56.0551124,47.1620227
2021-01-01,"2,976",35.73,75.67857881,13.76575088,51.35715761,60.9639514,65.19546028,48.25607064,46.5003465,46.09749937,46.44549763,24.89270386,26.61870504,55.88773642,41.34529148
2021-02-01,"3,013",31.34,75.21793275,13.98634431,50.4358655,59.99142367,62.70337922,46.802595,41.55427103,47.79823859,46.84115523,34.23913043,26.78571429,53.19915891,40.29335634
2021-03-01,"3,061",20.44,75.08482792,13.56169548,50.16965584,57.20413828,60.67848882,45.11599512,39.86332574,51.27955944,46.75100633,41.89189189,32.24489796,52.97318305,38.24289406
2021-04-01,"3,148",18.84,74.45929191,13.91376223,48.91858383,53.56386733,56.25899281,44.2217273,49.75636167,49.40027894,50.3926097,40.63157895,31.3304721,50.15115888,32.84132841
2021-05-01,"3,204",17.04,75.21964192,13.58693071,50.43928385,54.61538462,54.01213756,48.17892936,52.92919002,50.90518564,56.39175258,47.6635514,28.61356932,48.50770745,33.41040462
2021-06-01,"3,297",14.17,76.8792286,12.90288211,53.75845719,55.54929577,58.52895149,53.23299889,58.72594559,53.93939394,58.74931432,55.72139303,26.57342657,51.73807599,36.17021277
